# Blender 3.4.0
# www.blender.org
o bunny
v 0.316271 -0.044628 0.004718
v -0.238283 -0.081171 -0.025208
v -0.207614 0.019391 -0.095805
v 0.052384 0.077354 -0.121151
v 0.043759 -0.109328 0.198105
v -0.041961 0.095693 0.104915
v 0.131531 -0.253826 0.144157
v 0.041470 -0.250299 -0.152761
v 0.026430 -0.241536 -0.159377
v 0.174916 0.080818 -0.114890
v 0.073252 0.158358 -0.016849
v 0.019598 -0.237117 -0.057224
v -0.149959 -0.209430 0.086443
v -0.160510 -0.213806 0.095813
v -0.085687 0.028619 0.146865
v -0.213201 -0.112167 -0.005961
v -0.144957 -0.056153 -0.121416
v -0.169302 -0.131963 -0.049291
v 0.296736 -0.068949 -0.065379
v -0.146980 -0.257880 0.009717
v 0.082798 0.161859 0.002219
v -0.128817 0.257600 -0.043242
v -0.184251 0.259758 0.111569
v -0.100636 0.144731 0.103644
v -0.089091 0.177424 0.003244
v -0.092861 0.187642 0.009269
v -0.115550 0.129262 0.122988
v -0.103294 0.131344 0.107396
v 0.257731 -0.041276 0.144434
v 0.229229 -0.082717 0.158100
v -0.234970 0.060592 0.091989
v -0.260384 0.051674 -0.004923
v 0.233717 -0.145585 0.151856
v 0.270564 -0.204565 -0.062778
v 0.192027 0.149480 0.049753
v -0.154587 0.269921 0.076887
v -0.219384 0.092835 0.179200
v -0.220841 0.085752 0.168691
v 0.074197 -0.055246 0.215361
v -0.178219 -0.140690 0.028059
v -0.026828 -0.046744 0.143635
v -0.110892 0.201565 0.063488
v -0.127171 0.262417 0.079910
v 0.373145 -0.149815 0.051887
v 0.376630 -0.148275 0.037218
v 0.256297 -0.209673 -0.061629
v 0.010049 0.384852 -0.113115
v 0.076404 0.326054 -0.128532
v 0.073895 0.318848 -0.121627
v -0.010873 0.267563 -0.067399
v 0.041788 0.320725 -0.123128
v 0.022820 0.344633 -0.129120
v -0.034763 0.351582 -0.043507
v -0.026016 0.364663 -0.057631
v 0.108896 -0.105373 -0.185909
v 0.124738 -0.106858 -0.181497
v 0.168405 -0.231292 -0.136229
v 0.109685 -0.236614 -0.146158
v 0.034110 0.009123 -0.174616
v 0.015911 0.007873 -0.164614
v -0.169894 -0.215383 -0.042681
v -0.139859 -0.195216 -0.028001
v -0.076859 -0.152015 0.133517
v -0.105355 -0.190882 0.124568
v -0.099757 -0.196684 0.134890
v -0.065884 -0.221123 0.148406
v -0.062002 -0.210673 0.144228
v -0.119781 -0.258100 0.022283
v -0.117756 -0.260467 0.040517
v 0.116440 0.165055 -0.013007
v 0.177930 0.157542 0.043451
v -0.196389 0.233118 -0.139568
v -0.124277 0.183977 -0.052867
v -0.167683 0.115468 -0.075195
v -0.176189 0.350834 -0.236063
v -0.153863 0.305780 -0.209787
v -0.165959 0.277147 -0.267280
v -0.168542 0.310171 -0.293933
v -0.201501 0.293722 -0.193840
v -0.224571 0.303242 -0.166659
v 0.268095 -0.185591 0.099591
v 0.318290 -0.221426 -0.002448
v 0.367487 -0.173916 0.042686
v -0.107533 0.036896 -0.129819
v 0.139457 0.080100 0.142557
v 0.037090 0.130628 0.090045
v -0.213155 -0.028128 0.131561
v -0.195212 0.315736 -0.116102
v -0.169754 0.318594 -0.153028
v -0.211166 -0.060864 -0.082106
v -0.199745 -0.068845 -0.093157
v -0.250776 -0.008356 -0.057537
v -0.215679 0.139764 0.191758
v -0.030367 -0.257818 -0.131835
v -0.074676 -0.212826 -0.102030
v 0.128472 0.030866 0.164169
v -0.002787 -0.055212 0.173346
v 0.069778 0.314290 -0.124073
v 0.032919 0.310329 -0.112730
v -0.284459 0.142995 0.115351
v 0.243713 0.040591 -0.104962
v 0.236436 0.027792 -0.112928
v 0.137675 0.009808 -0.168300
v 0.104906 0.014124 -0.172346
v 0.035593 -0.252979 0.158556
v -0.037898 -0.248041 0.165428
v -0.033311 -0.252376 0.161123
v -0.004812 -0.091685 0.140485
v -0.040894 -0.228197 0.162982
v 0.004940 0.127702 -0.061818
v -0.070210 0.156496 -0.002912
v 0.208157 -0.248944 0.003068
v 0.176713 -0.250767 0.016421
v 0.202980 -0.248271 -0.007218
v 0.105062 -0.240122 -0.003649
v 0.302218 -0.166919 -0.065584
v 0.008791 -0.251606 -0.123033
v -0.278584 0.121073 -0.008433
v -0.014350 -0.252633 0.046558
v 0.215810 0.123050 0.090759
v -0.096512 -0.067183 0.153585
v -0.155623 -0.068200 0.144464
v -0.100179 -0.146882 0.110063
v 0.061519 -0.033492 0.211506
v 0.050525 -0.043353 0.209954
v 0.077927 -0.007617 -0.193426
v -0.072103 -0.217637 -0.123147
v -0.021176 -0.115940 -0.131572
v 0.266593 0.048752 0.101934
v 0.264854 0.004408 0.132536
v 0.320603 -0.140185 -0.055285
v 0.325814 -0.087505 0.006587
v 0.343892 -0.086651 0.002660
v 0.325126 -0.093055 -0.011743
v 0.248786 -0.201870 0.105213
v 0.262321 -0.181373 0.105367
v 0.242931 -0.227275 0.089513
v 0.256150 -0.226488 0.081949
v -0.271907 0.007760 0.023872
v -0.234880 0.121251 -0.058300
v -0.220932 0.130450 -0.066712
v -0.248721 0.037485 -0.048041
v -0.235255 0.049779 -0.059041
v 0.166550 -0.117733 -0.169763
v 0.159674 -0.107763 -0.171071
v 0.062531 0.393011 -0.151813
v -0.173564 -0.239575 0.112336
v -0.194287 -0.232283 -0.002739
v -0.133363 -0.224112 0.046202
v -0.141099 -0.199010 -0.000504
v -0.050245 -0.205692 0.138293
v -0.039215 -0.198202 0.136193
v -0.034058 -0.110558 0.141524
v -0.265501 0.255301 0.060134
v -0.272616 0.184888 0.101735
v -0.038728 -0.253581 -0.115120
v -0.050549 0.138527 0.062872
v -0.046494 0.146117 0.043312
v 0.019153 0.133502 0.066322
v 0.056134 0.132129 0.102162
v -0.087919 0.061655 -0.119847
v -0.037079 0.120667 -0.078696
v 0.165394 -0.060533 0.199573
v 0.169835 -0.044099 0.194433
v 0.154740 -0.094929 0.204122
v -0.219290 0.267282 -0.097640
v -0.215455 0.269819 0.000788
v -0.241451 0.074789 0.088742
v -0.132872 -0.185031 -0.011163
v -0.083813 -0.141313 -0.091080
v -0.094846 -0.127997 -0.091492
v -0.123306 -0.129215 -0.067946
v 0.076605 -0.256132 -0.122292
v -0.229447 0.213152 0.161202
v -0.184151 0.208824 0.160045
v -0.120718 -0.190798 0.123210
v -0.148244 -0.201796 0.130196
v -0.119233 -0.191737 0.094371
v -0.017379 -0.229932 0.187823
v -0.000217 -0.191880 0.172519
v 0.098964 -0.132487 0.205654
v 0.140854 -0.084602 0.208648
v 0.260778 0.095591 0.065320
v 0.311078 -0.174499 -0.063990
v -0.024739 0.316436 -0.105743
v -0.131078 0.245277 -0.044129
v -0.156967 0.254241 -0.041569
v -0.166086 0.265837 -0.025145
v -0.183981 0.230003 -0.144105
v -0.183317 0.191010 -0.072368
v -0.277375 0.178309 0.010671
v -0.060128 -0.139463 -0.089963
v -0.043486 0.001048 0.154811
v 0.046927 0.046935 0.148970
v -0.015069 -0.124625 0.128636
v 0.046292 -0.180607 -0.175382
v 0.111549 -0.214557 -0.145851
v -0.172284 0.244384 -0.185395
v -0.166240 0.281746 -0.276189
v -0.175982 0.267673 -0.260646
v -0.179080 0.279547 -0.272306
v -0.198975 0.277944 -0.189851
v -0.090587 0.310906 -0.016867
v -0.019149 0.350065 -0.054397
v -0.206057 0.038589 0.124765
v -0.196338 0.046523 0.127129
v -0.126140 0.136317 -0.067190
v -0.145242 0.153060 -0.069783
v -0.058177 0.103481 -0.099487
v 0.119601 -0.077230 -0.191435
v 0.012820 -0.080407 -0.202874
v 0.366329 -0.120071 0.066199
v 0.379242 -0.115347 0.018139
v 0.111692 -0.226034 0.166626
v 0.095408 -0.217824 0.170696
v 0.223114 -0.182750 0.134662
v -0.177622 -0.225517 -0.044624
v -0.153973 -0.249423 -0.074614
v 0.192552 -0.253339 0.058938
v 0.197867 -0.247049 0.046232
v 0.041773 -0.237923 0.047574
v 0.157231 -0.251983 0.078030
v 0.105019 -0.239999 0.032853
v 0.113340 -0.250081 0.030515
v -0.054919 0.254520 -0.020927
v -0.106346 0.234788 0.024694
v 0.214775 -0.252904 -0.029285
v 0.224577 -0.247189 -0.036209
v 0.228270 -0.252350 -0.020731
v 0.192008 -0.252053 -0.096058
v 0.040592 0.028112 0.153587
v 0.040660 0.044499 0.151733
v 0.041044 0.014399 0.183160
v 0.190341 0.123770 -0.072580
v 0.293904 -0.181166 0.104493
v 0.280877 -0.208164 0.095446
v 0.284947 -0.126535 -0.077228
v 0.282402 -0.112231 -0.089301
v 0.130805 -0.127401 0.209234
v 0.031890 -0.040415 -0.205531
v -0.012295 -0.019046 -0.171022
v -0.111132 -0.095850 -0.103796
v -0.109209 -0.087057 -0.107179
v -0.127251 -0.133364 -0.062816
v -0.208101 0.346633 -0.199249
v -0.205939 0.336482 -0.236969
v 0.288650 -0.009773 -0.083254
v -0.117119 -0.235175 0.167802
v 0.208769 -0.250501 0.077901
v 0.265200 -0.240646 0.051629
v 0.113994 0.134914 -0.075207
v -0.113054 -0.146268 0.079118
v -0.159949 -0.140286 0.054319
v -0.259644 0.068872 0.018761
v -0.263607 0.075378 0.015227
v -0.073286 0.329527 -0.030188
v 0.028758 0.048686 -0.136188
v 0.002114 0.019555 -0.142000
v -0.267607 -0.000220 -0.004681
v -0.088684 0.324788 -0.035572
v -0.153120 0.267158 -0.021834
v -0.177905 0.035112 0.140277
v -0.110762 -0.058057 0.153634
v -0.119849 -0.051682 0.158545
v 0.020914 0.284027 -0.082768
v 0.018709 0.293826 -0.097314
v -0.049923 0.284135 -0.088129
v -0.045994 0.294139 -0.093924
v 0.021179 -0.166639 0.158387
v 0.065397 -0.158046 0.191003
v -0.095721 -0.039380 -0.130838
v 0.357223 -0.150205 -0.038280
v 0.374905 -0.105560 0.006102
v -0.200201 0.267545 -0.180169
v -0.215741 0.271855 -0.067049
v -0.108589 -0.203863 0.147488
v -0.125725 -0.224883 0.165436
v 0.228529 -0.238190 -0.047990
v 0.339044 -0.087077 0.046340
v 0.260503 -0.186195 -0.065903
v 0.251611 -0.189131 -0.069944
v -0.059453 0.032489 -0.129873
v -0.267745 -0.011835 0.062678
v 0.027279 -0.238385 0.058278
v 0.002795 -0.237156 0.099470
v 0.146904 -0.213349 0.159920
v 0.093414 -0.200035 0.172924
v 0.227905 0.039310 0.141465
v 0.146440 0.063671 0.141598
v -0.220464 0.351494 -0.219355
v -0.196958 0.361422 -0.232429
v -0.192309 0.365810 -0.242949
v -0.159055 0.370869 -0.299023
v -0.155481 0.367982 -0.296909
v -0.196413 0.372134 -0.279331
v -0.189443 0.378093 -0.285735
v -0.182491 0.347863 -0.278794
v -0.177422 -0.256032 0.010821
v -0.186556 -0.254883 -0.055929
v -0.185767 -0.244697 -0.054518
v -0.178879 -0.246427 -0.064175
v 0.205610 -0.219347 -0.120206
v 0.202472 -0.215166 -0.129178
v -0.206968 0.146644 0.192319
v -0.154361 0.104126 0.142538
v 0.356273 -0.191125 0.042863
v 0.052313 -0.253391 0.156020
v 0.061164 -0.232888 0.130604
v -0.130858 -0.196156 -0.050921
v 0.200669 0.059690 -0.109139
v -0.064518 -0.256600 -0.052202
v -0.032199 -0.237448 -0.047290
v -0.036443 -0.240552 -0.101132
v -0.055728 -0.257063 -0.108451
v -0.051072 -0.252540 -0.099293
v -0.178987 0.273425 -0.049392
v -0.182542 0.283762 -0.063185
v -0.154070 0.300761 -0.165262
v 0.147285 0.064052 -0.124269
v -0.154167 0.252780 -0.104594
v -0.073689 -0.258389 -0.136308
v -0.038455 -0.219415 -0.162561
v -0.046840 -0.226809 -0.160942
v -0.272372 0.175460 0.138281
v -0.284772 0.168675 0.037394
v -0.285087 0.166844 0.022152
v -0.066565 -0.147521 0.137848
v -0.118909 -0.112037 0.124110
v -0.134152 -0.020569 0.155799
v -0.135475 -0.033947 0.154423
v -0.197482 -0.054367 0.133183
v 0.135061 -0.175890 -0.165665
v 0.138990 -0.185699 -0.162500
v 0.191703 -0.189710 -0.141602
v -0.210954 0.320233 -0.138462
v -0.200415 0.326533 -0.140077
v -0.190374 0.271348 -0.005059
v -0.117306 0.249689 0.072687
v -0.121975 0.260783 0.070889
v -0.226285 0.067464 0.119641
v -0.213676 0.066633 0.126918
v 0.274969 0.016873 0.110290
v 0.035357 0.091011 0.130738
v -0.048202 0.320471 -0.028597
v -0.061941 0.286244 -0.023746
v -0.059392 0.293514 -0.027315
v -0.141762 0.122207 -0.076255
v -0.096658 0.097454 -0.104066
v -0.183376 0.268211 0.090269
v -0.132411 0.193580 0.104274
v 0.146011 -0.253155 0.126933
v 0.150030 -0.234088 0.100350
v 0.154636 -0.239608 0.107879
v 0.171965 -0.254043 0.058127
v 0.135387 -0.255808 -0.003131
v 0.142016 -0.252090 -0.008785
v 0.113909 -0.233580 -0.087186
v -0.274901 0.097395 0.087462
v -0.279950 0.106127 0.084234
v -0.020113 -0.237553 -0.035129
v -0.008035 -0.239930 0.052145
v -0.018321 -0.037880 -0.171207
v -0.023642 -0.055869 -0.170848
v -0.001068 -0.096313 -0.188415
v 0.004935 -0.051797 0.191599
v -0.003342 -0.032861 0.174234
v 0.016318 -0.060194 0.200884
v 0.029409 -0.075792 0.198926
v 0.352134 -0.129964 0.083445
v 0.273566 -0.142785 0.118732
v -0.100531 -0.065043 -0.119477
v -0.030351 -0.071065 -0.154591
v -0.027310 -0.061565 -0.156938
v 0.241771 -0.097668 0.144272
v 0.255029 -0.098938 0.139320
v 0.258784 -0.106870 0.136262
v -0.272901 0.022916 0.036492
v 0.126445 -0.249156 -0.103325
v 0.078369 0.352462 -0.155318
v 0.074188 0.345722 -0.157919
v -0.092781 0.188775 0.022800
v -0.035581 0.149382 0.004010
v -0.100435 0.189562 0.054154
v 0.062504 0.315428 -0.099385
v 0.065167 0.306136 -0.102266
v 0.212396 -0.194354 0.137656
v 0.223489 -0.232550 0.107875
v 0.204244 -0.026138 0.177053
v 0.212815 -0.011123 0.172271
v -0.033411 -0.194188 -0.119435
v -0.016785 -0.183260 -0.113743
v -0.009543 -0.221693 -0.165251
v -0.266869 0.043399 0.042974
v 0.145275 0.166541 0.036529
v -0.155012 0.291302 -0.132053
v -0.155321 0.252287 -0.144629
v 0.333048 -0.116663 -0.039661
v 0.341386 -0.148227 -0.053443
v -0.063553 0.293630 -0.085340
v -0.086774 0.301258 -0.070376
v 0.203510 0.125503 0.097874
v 0.105910 0.158213 0.072729
v 0.163179 0.050544 0.157092
v 0.179156 0.082463 0.132106
v 0.019871 0.376576 -0.128280
v 0.054551 0.386831 -0.158950
v 0.033325 0.364679 -0.139548
v 0.117511 -0.172477 -0.168945
v -0.162312 -0.129321 -0.056133
v -0.168774 -0.134361 -0.032617
v -0.159252 -0.136899 -0.044696
v -0.187537 -0.088624 0.119499
v -0.065283 -0.065521 0.150491
v -0.082297 -0.081300 0.145831
v 0.246932 0.054328 -0.095450
v 0.099681 0.162273 0.053555
v 0.139324 -0.248442 0.161069
v 0.148393 -0.252533 0.153318
v -0.212251 0.274808 -0.058261
v -0.212162 0.286974 -0.079313
v -0.014640 -0.185125 0.146065
v -0.018741 -0.178377 0.124998
v -0.026843 -0.179461 0.125623
v 0.061046 -0.198342 0.170825
v 0.008511 -0.181303 0.147996
v 0.015152 0.366771 -0.093254
v 0.001130 0.385391 -0.098757
v -0.015405 -0.160689 -0.120962
v -0.003384 0.271099 -0.048989
v 0.019044 0.303892 -0.068648
v 0.311171 -0.105938 0.069593
v 0.311038 -0.148672 0.101044
v 0.320743 -0.149428 0.100319
v 0.317092 -0.099822 0.061424
v 0.332047 -0.097306 0.065503
v -0.086472 -0.249225 -0.002389
v -0.077971 -0.253163 0.040730
v 0.008201 -0.252862 0.153271
v 0.002239 -0.245681 0.135430
v 0.016583 -0.234013 0.130371
v -0.046534 -0.249992 0.069851
v -0.049985 -0.256202 0.002846
v -0.061348 -0.249360 0.003256
v -0.070665 -0.256803 -0.007270
v -0.039166 -0.252591 0.055999
v -0.040346 -0.255968 0.070863
v 0.307613 -0.074633 -0.045052
v 0.314306 -0.100112 -0.023359
v -0.274772 0.128523 0.161070
v -0.253898 0.077888 0.140644
v 0.286530 -0.238332 0.001883
v -0.281880 0.106987 -0.003495
v -0.147765 -0.227547 -0.071255
v -0.137776 -0.214020 -0.065270
v 0.314835 -0.180527 0.100770
v 0.343050 -0.174940 0.081018
v -0.034912 0.033085 -0.133824
v -0.034472 -0.062292 -0.138442
v 0.158792 -0.252031 -0.071879
v 0.145433 -0.238464 -0.068459
v 0.164618 -0.254562 -0.066694
v 0.071487 -0.059768 -0.201000
v 0.059847 -0.007263 -0.195310
v -0.134011 -0.074790 -0.118673
v -0.184180 -0.106858 -0.061582
v -0.063294 0.243293 -0.053341
v -0.064022 0.253142 -0.064567
v -0.123669 0.207663 -0.047199
v -0.156471 0.245453 -0.122430
v -0.162894 0.229588 0.130985
v -0.158890 0.212961 0.128182
v -0.189300 0.237500 0.141967
v -0.115159 0.276094 -0.050818
v -0.107175 0.298902 -0.052251
v -0.098523 0.311925 -0.054928
v -0.135442 0.006254 0.157824
v -0.103484 -0.006728 0.154672
v 0.047573 -0.205757 0.182341
v 0.025923 -0.205614 0.191325
v 0.317816 -0.189722 0.092891
v -0.167403 0.146907 0.170035
v -0.172012 -0.241584 0.087040
v -0.228596 0.220449 -0.049407
v -0.223205 0.239275 -0.049017
v -0.033109 -0.251537 0.103023
v -0.021467 -0.239187 0.102075
v -0.182713 0.091256 0.179345
v 0.113857 0.022274 -0.155558
v 0.113705 0.051001 -0.132939
v -0.100626 0.127094 -0.084932
v -0.213215 0.252209 -0.104028
v 0.302818 0.016876 -0.032614
v 0.308801 -0.010762 -0.041456
v 0.282780 0.070780 0.009225
v 0.062956 0.022144 0.181236
v 0.118767 -0.018349 0.207490
v 0.124571 -0.035240 0.212556
v -0.213558 -0.110793 0.014564
v -0.249387 -0.064550 -0.019684
v -0.170653 0.019462 0.145127
v -0.165630 0.036182 0.144893
v -0.156775 0.271914 -0.196564
v -0.152206 0.291925 -0.194999
v 0.154795 0.024056 0.172986
v 0.152186 0.058275 0.143355
v -0.219271 -0.014402 0.128325
v -0.228257 0.147730 -0.063292
v -0.270405 0.115593 -0.027289
v -0.146107 -0.138692 -0.046653
v -0.131151 -0.160745 -0.017878
v -0.031232 -0.148595 0.131211
v -0.275622 0.244326 0.065143
v -0.281377 0.228316 0.046651
v -0.288473 0.149570 0.019208
v -0.215650 0.305477 -0.117938
v -0.208310 0.312314 -0.118941
v -0.003168 -0.258527 -0.152054
v -0.003792 -0.257058 -0.130497
v -0.128865 0.090092 0.117976
v -0.020867 -0.225375 -0.167669
v -0.033868 -0.244213 -0.169248
v -0.026327 -0.206408 -0.155169
v -0.018032 -0.211479 -0.161356
v -0.088714 -0.084584 -0.109033
v -0.022536 0.067607 0.129878
v 0.027880 0.042613 0.150954
v 0.048843 0.134547 -0.061106
v 0.057150 0.113297 -0.095239
v -0.016752 0.088623 -0.111261
v 0.171186 0.111447 0.118776
v 0.238391 0.093113 0.102999
v 0.023344 -0.238678 0.034289
v 0.022703 -0.237983 -0.003078
v 0.000384 -0.240012 0.031697
v -0.014202 -0.255910 0.029877
v -0.054085 -0.257940 -0.028102
v -0.107036 0.141344 -0.065738
v -0.043362 -0.254475 0.104334
v -0.098166 -0.254332 0.093109
v -0.151346 -0.238229 0.154951
v -0.164553 -0.254491 0.101252
v 0.298805 -0.226517 -0.025507
v 0.303113 -0.214864 -0.036507
v 0.202743 -0.241807 -0.065043
v 0.212247 -0.183682 -0.138416
v 0.203207 -0.178734 -0.148394
v 0.209165 -0.201523 -0.123166
v 0.175628 0.013834 0.175307
v 0.143103 -0.009984 0.200306
v 0.135094 -0.027865 0.210233
v 0.147914 -0.018399 0.203486
v -0.214454 0.239206 -0.082505
v -0.194870 0.240636 -0.192243
v -0.206550 0.245839 -0.173195
v -0.187832 0.246910 -0.221312
v 0.006500 -0.122320 -0.179697
v -0.015206 -0.144281 -0.126136
v -0.133516 -0.124036 0.105054
v -0.257335 0.137597 0.173504
v -0.265712 0.152670 0.162388
v -0.264719 0.195594 0.142415
v -0.117624 0.299570 -0.023784
v -0.099455 0.312104 -0.024574
v 0.187431 -0.217253 0.155270
v 0.057187 -0.133343 0.198669
v 0.056098 -0.121592 0.196122
v 0.118298 -0.151702 0.199904
v 0.110894 -0.138552 0.207054
v 0.150385 -0.180182 0.187249
v 0.161950 -0.168069 0.190379
v 0.182325 -0.170194 0.171603
v 0.186964 -0.183551 0.161466
v -0.161890 0.324453 -0.209832
v -0.163971 0.354232 -0.259758
v -0.083311 0.145182 -0.064807
v -0.114934 0.193712 -0.041286
v -0.078335 0.239081 -0.008650
v -0.080788 0.229490 -0.017602
v -0.072359 0.234790 -0.039518
v -0.062213 0.241954 -0.023647
v -0.083342 0.232228 -0.044697
v 0.192315 0.152751 0.012844
v 0.075433 -0.257287 -0.137789
v 0.071614 -0.246591 -0.147255
v 0.082761 -0.253229 -0.142865
v 0.057866 -0.252074 -0.148562
v 0.100555 -0.246334 -0.144608
v 0.101755 -0.252636 -0.140613
v 0.064342 -0.245775 0.181432
v 0.240114 0.060573 -0.094516
v 0.278757 0.027911 -0.077728
v 0.068201 0.342454 -0.126215
v 0.074439 0.327330 -0.122119
v 0.058423 0.331759 -0.111379
v -0.002576 -0.134918 0.127200
v 0.238080 -0.100845 -0.134881
v -0.174164 0.337769 -0.207428
v -0.212019 0.333959 -0.170296
v 0.226744 -0.237118 0.089151
v 0.220049 -0.253400 0.037194
v 0.226936 -0.250984 0.052812
v 0.054182 0.352443 -0.121409
v 0.358234 -0.090645 -0.001028
v 0.364050 -0.096971 0.048938
v -0.046570 0.120532 0.090323
v -0.034454 0.129724 0.074037
v -0.118072 0.216534 0.080223
v -0.123012 0.228832 0.092162
v -0.154546 0.228915 -0.064042
v -0.174555 0.210928 -0.076466
v -0.184249 0.208332 -0.073628
v -0.127216 0.173925 0.115375
v -0.122282 0.238295 0.083329
v -0.145160 0.248676 0.117108
v -0.134052 -0.257759 0.025590
v -0.152930 -0.255193 0.043138
v -0.167379 -0.248974 0.033912
v -0.160750 -0.240163 0.036315
v -0.161945 -0.234240 0.077466
v -0.155813 -0.229034 0.069505
v -0.183382 0.170389 -0.074167
v -0.251169 0.231754 -0.012909
v -0.272719 0.232031 0.009158
v -0.239661 0.213659 -0.034942
v -0.058755 0.341880 -0.078488
v 0.044142 0.001324 -0.186971
v -0.114184 -0.210776 0.040375
v -0.103679 -0.197695 0.036329
v -0.275232 0.205510 0.063729
v -0.278075 0.181367 0.047560
v -0.282696 0.168665 0.072804
v -0.272688 0.204552 0.095194
v -0.269143 0.191938 0.080389
v -0.281663 0.239133 0.041321
v 0.026527 -0.006521 0.195169
v 0.047912 -0.213878 -0.154824
v 0.210019 0.085566 0.121042
v -0.057797 0.347964 -0.051359
v -0.151360 0.311791 -0.290536
v -0.117469 0.264387 0.021374
v -0.119703 0.270255 0.015454
v -0.066168 0.305073 -0.016602
v 0.322829 -0.190132 -0.053512
v 0.326326 -0.206770 -0.030653
v -0.070049 -0.175023 0.133677
v -0.238454 -0.085828 -0.003669
v 0.005177 0.068971 -0.126777
v 0.126508 -0.056050 0.209264
v -0.166376 0.083275 0.131065
v -0.163262 0.077415 0.125685
v -0.158470 0.092894 0.135466
v 0.061963 -0.183162 0.182703
v 0.068892 -0.199007 0.170333
v -0.022860 -0.236158 -0.096133
v 0.103434 0.071955 0.149679
v 0.094209 0.110724 0.130686
v -0.092376 0.276267 0.003075
v -0.098643 0.240178 0.011943
v -0.269762 0.223193 0.097720
v 0.353754 -0.097704 -0.018183
v -0.174266 0.361532 -0.254105
v -0.166877 0.376891 -0.297727
v -0.168848 0.263940 -0.035560
v -0.174681 0.300332 -0.102008
v 0.051104 -0.064471 0.208373
v -0.199152 0.325141 -0.234810
v -0.196175 0.306521 -0.224052
v -0.226088 0.327283 -0.209175
v -0.206753 0.311419 -0.203666
v 0.078399 0.051240 0.152552
v 0.084833 0.059482 0.154095
v 0.081969 0.038410 0.153012
v 0.076516 0.030468 0.169869
v 0.085486 0.034839 0.156328
v 0.198611 -0.057600 -0.157348
v 0.173040 -0.104903 -0.172451
v 0.173860 -0.161786 -0.163968
v -0.240087 0.174181 0.183081
v -0.207363 0.212225 0.165798
v -0.213116 0.008922 0.129947
v -0.184399 -0.045074 -0.112321
v -0.178865 -0.004002 -0.109156
v -0.185137 -0.032384 -0.111872
v 0.103614 -0.001886 0.205746
v 0.041549 -0.022723 0.208146
v 0.305524 -0.117033 0.078196
v 0.303879 -0.099671 0.076192
v 0.311524 -0.096586 0.060839
v 0.317208 -0.086982 0.043671
v 0.321378 -0.083844 0.027260
v 0.317137 -0.078251 0.033218
v -0.221487 0.061558 0.110022
v -0.233999 0.071245 0.113882
v -0.248701 0.074306 -0.023246
v -0.261740 0.083894 -0.013804
v -0.131712 -0.169364 -0.025731
v -0.130042 -0.162551 -0.037561
v 0.035041 -0.052611 0.212236
v 0.032091 -0.038534 0.211812
v 0.099926 -0.179959 -0.172981
v 0.073360 -0.189818 -0.170975
v 0.307451 -0.025960 -0.049899
v -0.163332 0.249800 0.122654
v -0.079069 -0.013012 -0.132707
v -0.047700 -0.044312 -0.132870
v -0.058651 -0.042019 -0.128647
v 0.293656 -0.052642 0.100328
v 0.292471 -0.031341 0.101674
v 0.240710 -0.201745 -0.068346
v 0.219119 -0.177355 -0.135636
v 0.218256 0.095509 0.111666
v -0.101683 0.239008 -0.049985
v -0.109735 0.225912 -0.040649
v 0.123881 -0.236515 0.068271
v 0.031063 -0.236998 0.082035
v -0.133200 0.020331 0.149670
v 0.083409 -0.236260 0.078187
v 0.082784 -0.232647 0.127235
v 0.080614 -0.252535 0.144642
v 0.073902 -0.232779 0.125478
v -0.284322 0.099462 0.122195
v 0.059804 0.158319 0.030564
v 0.106159 -0.245985 0.169978
v 0.053257 -0.250659 0.180145
v -0.221157 -0.044912 0.120002
v 0.046137 -0.246329 0.186840
v -0.017084 -0.248051 0.186751
v -0.023361 -0.251992 0.173329
v 0.165745 -0.040940 -0.170769
v 0.175505 -0.044596 -0.168124
v 0.140900 -0.000202 -0.175824
v 0.262237 -0.221876 0.084828
v 0.294271 -0.228355 0.053634
v 0.192037 -0.137911 0.175881
v 0.160250 -0.251407 -0.021043
v -0.089868 -0.061043 -0.121308
v -0.084856 -0.076282 -0.113284
v -0.037743 -0.107220 -0.107478
v -0.242465 -0.064255 -0.035033
v -0.188984 0.013920 -0.106119
v -0.212213 -0.036715 -0.097558
v -0.246018 0.027602 -0.056699
v -0.249992 0.015723 -0.050875
v -0.184148 -0.217013 -0.026845
v -0.176460 -0.209398 -0.017108
v -0.192342 -0.235643 -0.032886
v -0.190280 -0.243260 -0.042141
v -0.170293 -0.252016 0.090074
v -0.174656 -0.248703 0.103580
v -0.107374 -0.201379 0.047028
v -0.110928 -0.184336 0.066597
v -0.149311 -0.217974 0.073229
v -0.119692 -0.194924 0.083931
v -0.007331 -0.245029 0.195277
v 0.001004 -0.251266 0.189778
v -0.130311 -0.258402 -0.004743
v 0.025711 0.142218 0.054882
v -0.038185 0.148067 0.028996
v -0.001934 0.350099 -0.079533
v 0.029014 -0.155656 0.170678
v -0.137377 -0.151858 -0.006678
v -0.134077 -0.154852 -0.015686
v -0.127288 -0.159613 -0.000495
v -0.129708 -0.154818 0.006973
v -0.140082 -0.145437 -0.029504
v -0.136596 -0.143304 -0.039668
v -0.012801 0.110751 0.093341
v 0.122274 0.141173 0.102354
v 0.086964 0.149624 -0.057400
v 0.069312 0.139485 -0.068040
v 0.209735 0.138753 0.065395
v 0.258587 0.066211 -0.075458
v 0.134139 -0.253134 -0.036778
v 0.029900 -0.252993 -0.156652
v -0.232088 0.249634 -0.033403
v -0.224180 0.257439 -0.037308
v -0.238444 0.228993 -0.036906
v 0.024379 -0.122882 -0.192961
v -0.098240 0.167137 -0.039865
v -0.064218 -0.229823 -0.148387
v -0.046942 -0.210164 -0.147360
v -0.086571 -0.252928 -0.114939
v 0.143308 0.156390 0.078063
v 0.123610 0.158459 0.074408
v 0.128810 0.148749 0.089643
v 0.160508 0.163024 0.045188
v -0.152040 0.142954 0.148162
v -0.174045 0.112032 0.187433
v 0.216192 -0.146122 -0.148587
v -0.129761 0.274212 0.007439
v -0.134081 0.268299 0.061809
v -0.138290 -0.131020 0.089478
v 0.183417 -0.075972 0.194403
v -0.179092 0.238686 -0.178016
v -0.187149 0.234044 -0.155901
v -0.171638 0.237851 -0.163664
v 0.006555 0.309355 -0.107847
v 0.067508 0.089186 -0.113801
v 0.071486 0.057429 -0.135259
v -0.114526 -0.257622 0.010083
v -0.098245 -0.250345 0.004871
v -0.107873 -0.258256 -0.002189
v -0.059333 0.041991 0.138448
v -0.056602 0.018364 0.145331
v -0.049083 0.034843 0.142077
v 0.329875 -0.215455 0.016928
v -0.200510 0.280369 -0.053018
v -0.193309 0.288765 -0.065032
v 0.286589 -0.066598 -0.079549
v 0.141578 -0.142840 -0.170172
v 0.005476 -0.022226 0.184990
v -0.134571 0.059362 -0.115058
v -0.110749 0.099797 -0.102925
v 0.082357 0.027667 -0.145918
v -0.191717 0.294340 -0.232133
v -0.187631 0.286008 -0.246809
v 0.025009 0.402083 -0.098811
v 0.017108 0.397067 -0.090432
v 0.049046 0.402544 -0.145236
v 0.037163 0.395333 -0.140824
v -0.169170 -0.084961 -0.102753
v -0.137954 -0.116546 -0.077948
v -0.198108 -0.102913 -0.050041
v -0.113622 0.095328 0.111282
v -0.284490 0.114845 0.148346
v -0.282436 0.133723 0.149501
v -0.273937 0.112950 0.161651
v 0.084149 -0.061712 -0.201557
v 0.094416 -0.068902 -0.199140
v -0.136946 0.175496 0.121613
v 0.140642 -0.255409 0.033430
v 0.136483 -0.256617 0.022937
v 0.136160 -0.255549 0.010306
v -0.033143 0.307927 -0.050444
v -0.096589 -0.022915 0.160556
v -0.115265 -0.013037 0.157293
v 0.193797 0.136842 0.082105
v 0.146308 -0.193841 -0.156980
v -0.126162 -0.169242 -0.001963
v -0.073015 0.149869 0.041563
v -0.066007 0.148113 0.038140
v 0.086755 0.125993 -0.086985
v 0.267085 -0.059154 0.136267
v 0.270660 -0.083059 0.130286
v 0.253741 -0.070896 0.148429
v -0.152709 0.212224 -0.062942
v -0.147920 0.213250 -0.056760
v -0.145690 0.259478 -0.034640
v -0.139609 0.269337 -0.032018
v -0.147540 0.270195 -0.020392
v 0.213199 -0.219560 -0.082115
v 0.234120 -0.208908 -0.067121
v 0.214703 -0.228089 -0.067038
v -0.081339 -0.253637 0.118241
v -0.072757 -0.245730 0.154924
v -0.247783 -0.016791 0.091938
v -0.068612 -0.016541 -0.133525
v -0.118256 0.028616 -0.130684
v -0.123035 0.015268 -0.130597
v -0.015026 -0.073505 -0.184341
v -0.024408 -0.088071 -0.153620
v -0.054409 -0.195399 -0.093529
v -0.074719 -0.203420 -0.084775
v -0.044107 0.096281 -0.105751
v -0.272319 0.219260 0.019669
v -0.278127 0.227612 0.028614
v -0.274086 0.244169 0.015322
v -0.027864 -0.254378 0.129447
v -0.039778 -0.254257 0.126796
v -0.274579 0.174060 0.097884
v 0.359835 -0.162323 0.068474
v -0.197481 0.077616 0.160791
v -0.209340 0.078617 0.163283
v -0.238257 0.123778 0.176744
v -0.232015 0.096192 0.170076
v -0.228414 0.127624 0.184600
v -0.216930 0.174393 0.189155
v -0.160946 0.238403 -0.134180
v -0.197766 0.236371 -0.149129
v -0.175248 0.107008 -0.075047
v -0.212740 0.246606 -0.120393
v -0.213027 0.252464 -0.124263
v -0.203612 0.222539 -0.080783
v -0.210390 0.214272 -0.064380
v -0.165799 0.343365 -0.241793
v -0.175132 0.343046 -0.220334
v 0.112561 0.089239 0.144370
v 0.104280 0.101140 0.137981
v 0.218392 0.050475 -0.111048
v 0.258155 0.012131 -0.100429
v 0.225730 0.040779 -0.114454
v 0.219199 0.026714 -0.125830
v 0.198830 -0.010935 -0.147712
v 0.198621 0.010070 -0.137715
v -0.154529 0.307596 -0.252665
v -0.054237 -0.257680 -0.003235
v -0.038445 -0.257630 -0.008114
v 0.222850 -0.112230 0.156697
v 0.206962 -0.143049 0.171991
v 0.033572 -0.188130 0.165696
v -0.002687 -0.199387 0.179004
v 0.102039 -0.255847 -0.117745
v 0.100377 -0.252653 -0.109805
v -0.097187 0.076318 0.125689
v -0.059952 0.073819 0.124654
v -0.056811 -0.123988 -0.097401
v -0.069808 -0.061490 -0.122053
v -0.030710 -0.083327 -0.136718
v -0.098472 0.211121 0.002781
v 0.255374 -0.140235 -0.112429
v 0.204708 -0.233881 -0.084627
v 0.175504 -0.255590 -0.027330
v 0.184717 -0.255056 -0.041933
v 0.182974 -0.247549 -0.021013
v 0.208221 -0.254261 -0.013565
v 0.280052 -0.018473 0.118115
v -0.062856 0.003671 0.145807
v -0.082629 0.010097 0.150947
v 0.224078 -0.056641 0.173749
v -0.192147 0.281504 -0.226516
v 0.298773 -0.184181 -0.066378
v -0.092655 0.323246 -0.049377
v -0.069969 0.338481 -0.068814
v 0.179998 0.153213 -0.029546
v 0.177313 0.158266 -0.006652
v 0.190276 0.140976 -0.045912
v -0.160518 0.284081 -0.239509
v -0.157231 0.295583 -0.254226
v -0.124254 -0.101930 -0.100982
v -0.133043 -0.090311 -0.109476
v -0.153975 -0.090337 -0.104993
v -0.076121 0.290772 -0.009249
v -0.050292 0.280781 -0.016257
v -0.045645 0.249770 -0.033943
v -0.239864 -0.078897 0.023498
v -0.235958 -0.089722 0.026951
v -0.089916 -0.257147 0.082541
v 0.184295 -0.034419 0.186317
v 0.170785 -0.021062 0.196683
v 0.313256 -0.033704 -0.016849
v 0.311294 -0.024271 -0.033977
v 0.309355 -0.039937 -0.031554
v 0.309642 -0.062321 -0.042653
v 0.232204 -0.229419 0.098055
v 0.269882 -0.225978 0.079852
v 0.004349 0.028280 0.155455
v 0.009055 -0.001323 0.172175
v 0.019419 0.003438 0.180039
v -0.189799 -0.130590 0.047217
v -0.199530 -0.125921 0.038359
v 0.041798 0.102896 -0.104162
v 0.050198 0.124210 -0.073122
v 0.116970 -0.234318 0.088622
v 0.085709 -0.091851 0.214515
v 0.063031 -0.091974 0.204525
v -0.008879 -0.058243 -0.190622
v 0.000885 -0.016706 -0.186799
v -0.167363 0.361060 -0.300811
v 0.305751 0.024039 0.010170
v -0.271913 0.212885 0.097846
v -0.272292 -0.013374 0.009614
v -0.121045 -0.121206 -0.077344
v -0.108584 -0.120879 -0.084083
v -0.198282 0.001645 0.142968
v -0.152940 -0.034801 0.155661
v -0.228922 0.268191 0.067281
v 0.154594 -0.227731 0.159417
v 0.195341 -0.197631 0.146438
v 0.021458 0.069560 -0.128817
v 0.356647 -0.187323 -0.012522
v 0.100918 -0.238309 0.023927
v -0.039323 -0.068132 0.144899
v -0.064588 -0.036520 0.148269
v -0.068054 -0.049149 0.145570
v -0.060471 -0.113659 0.143918
v -0.119614 0.221396 -0.041751
v 0.374203 -0.145039 -0.010296
v 0.372353 -0.125619 0.056759
v 0.320382 -0.119762 0.085546
v 0.339664 -0.132078 0.090340
v 0.345988 -0.117115 0.081304
v -0.254065 0.218709 -0.006994
v -0.249848 0.217254 -0.017553
v -0.186060 0.273784 0.065641
v 0.162293 -0.211117 0.156639
v 0.161055 -0.201740 0.166310
v 0.174000 -0.184650 0.169789
v -0.259562 0.076277 0.050832
v -0.249425 0.063266 0.069738
v 0.086275 0.011532 0.198880
v -0.155736 -0.207365 0.125249
v -0.111268 -0.255272 0.080186
v -0.213473 0.107077 0.190536
v -0.106455 -0.258698 -0.076859
v -0.113736 -0.257233 -0.086923
v 0.043782 0.406213 -0.124678
v 0.046409 0.407070 -0.135100
v 0.054366 0.386357 -0.134783
v 0.056011 0.396728 -0.146487
v 0.042067 0.289976 -0.073688
v 0.036442 0.286575 -0.080703
v 0.015113 0.288687 -0.046837
v -0.099834 0.224062 0.006513
v -0.008295 0.366946 -0.107189
v -0.037688 0.345325 -0.094635
v -0.156148 -0.259152 -0.055265
v 0.243103 0.006652 -0.118656
v 0.158769 -0.130376 0.199021
v 0.148778 -0.133393 0.202501
v -0.127416 0.134553 0.135149
v -0.151344 0.129299 0.149221
v 0.015393 -0.001603 -0.183530
v -0.273000 0.019273 0.017865
v -0.259784 0.026400 -0.023929
v -0.249205 -0.050097 -0.024974
v 0.112777 -0.205956 0.166549
v 0.158386 0.116322 -0.099023
v 0.117565 0.103298 -0.111856
v 0.118776 0.089511 -0.121872
v 0.180665 0.109657 -0.095457
v 0.174401 0.136976 -0.063454
v -0.166355 -0.029733 -0.119540
v -0.127822 0.048618 -0.118054
v -0.114688 -0.147454 0.069057
v -0.102824 -0.177425 0.044949
v -0.102790 -0.191607 0.043712
v -0.009841 -0.108002 0.132179
v -0.017412 -0.095862 0.135586
v -0.031745 -0.076581 0.143885
v 0.266450 0.021902 0.121017
v 0.221647 0.064277 0.131229
v 0.215982 0.053661 0.135516
v -0.253851 -0.062752 -0.000029
v -0.257386 -0.052934 -0.004070
v -0.259523 -0.038675 0.044541
v -0.087821 -0.212287 0.149199
v -0.069617 -0.186972 0.134417
v -0.259885 0.148948 -0.043972
v -0.256744 0.122008 -0.048613
v -0.250374 0.181756 -0.038190
v -0.201300 0.335884 -0.163861
v -0.173818 0.315712 -0.136406
v -0.156437 0.286053 -0.217480
v 0.242035 0.075004 -0.084827
v 0.226645 0.066226 -0.098589
v -0.199793 -0.249987 -0.032122
v -0.198076 -0.248803 -0.021396
v -0.184541 -0.243647 0.012365
v -0.075484 -0.096506 0.145855
v -0.119450 -0.077412 0.145759
v -0.105954 -0.114870 0.121353
v -0.106685 -0.124251 0.112218
v 0.169061 0.153631 -0.038551
v -0.027605 0.324062 -0.058470
v -0.039209 0.313056 -0.047335
v -0.257264 0.110060 0.173802
v -0.047838 0.152247 -0.008890
v -0.264153 0.075616 0.038406
v -0.292008 0.115192 0.028824
v 0.174353 -0.255002 -0.085775
v -0.119730 -0.258312 -0.032000
v -0.210325 0.270819 -0.042065
v -0.216039 0.264941 -0.041623
v -0.007341 0.283200 -0.089737
v 0.005703 0.281934 -0.085146
v -0.054158 0.254350 -0.065023
v 0.068523 0.381106 -0.164346
v -0.122010 -0.187891 -0.057549
v -0.101910 -0.179191 -0.072734
v -0.092304 -0.181489 -0.076056
v 0.294096 -0.157431 0.100603
v 0.001964 0.135863 -0.038043
v 0.043007 0.141259 -0.046415
v -0.064888 -0.070789 -0.118580
v -0.079700 -0.125481 -0.097063
v -0.223312 0.295038 -0.134972
v -0.209199 0.302966 -0.186977
v -0.026256 -0.257439 0.007002
v -0.015098 -0.238378 -0.022440
v 0.176569 -0.175851 -0.157079
v 0.179174 -0.199247 -0.144900
v 0.108074 -0.201684 -0.162261
v 0.072356 -0.203997 -0.163461
v 0.040006 -0.208094 -0.157535
v 0.121838 -0.097250 0.207681
v 0.107676 -0.123769 0.209245
v -0.079882 0.138229 -0.075922
v -0.071175 0.147148 -0.056504
v -0.032094 0.085918 -0.112190
v 0.069075 -0.237430 0.016679
v 0.165707 0.162920 0.023995
v 0.119141 -0.249344 0.045547
v 0.111253 -0.239288 0.048959
v -0.226219 0.346543 -0.231708
v -0.224520 0.337948 -0.226081
v -0.216077 0.372857 -0.257645
v -0.202033 0.378257 -0.257149
v -0.173655 0.351218 -0.292456
v -0.136271 0.235090 0.105473
v -0.142564 0.206301 0.108753
v 0.348566 -0.084541 0.017554
v 0.153510 -0.245795 -0.014021
v 0.149549 -0.254309 -0.015921
v -0.233926 -0.023159 -0.071150
v -0.240766 -0.055000 -0.046194
v -0.040288 -0.247470 0.023159
v -0.033288 -0.256952 0.025887
v -0.255471 -0.037772 -0.033903
v 0.055909 0.142778 0.083131
v 0.078511 0.159380 0.055068
v -0.260401 0.078083 0.125874
v -0.274361 0.086823 0.126187
v 0.204183 -0.173942 0.163195
v -0.097833 -0.140699 -0.087238
v 0.048600 -0.084755 0.203811
v 0.093779 0.023307 -0.157012
v 0.094548 -0.006023 -0.190509
v 0.060224 0.305449 -0.091356
v 0.094970 -0.252135 0.139307
v 0.098347 -0.233265 0.121687
v 0.108477 -0.253628 0.155405
v -0.162754 0.328168 -0.300215
v -0.008859 -0.253041 0.149442
v -0.104060 -0.257453 -0.092691
v -0.110767 -0.250388 -0.090629
v 0.307505 -0.217815 0.064712
v 0.286641 -0.215344 0.087804
v 0.135626 -0.239620 -0.142132
v 0.151711 -0.254839 -0.126606
v 0.125347 -0.247474 -0.141860
v 0.213111 -0.247851 0.012201
v 0.212455 -0.245674 0.024443
v 0.223065 -0.254653 0.006871
v 0.229624 -0.254286 0.013933
v -0.048830 0.355943 -0.066743
v -0.151686 0.272723 0.055878
v -0.025892 -0.044109 -0.163596
v -0.024015 -0.067562 -0.172167
v -0.054017 -0.204168 -0.132216
v -0.084728 -0.237999 -0.114239
v -0.060391 -0.201796 -0.111312
v -0.066697 -0.198710 -0.090197
v -0.070293 -0.196135 -0.085506
v -0.220264 0.250777 -0.059325
v -0.217664 0.239888 -0.067099
v -0.137366 -0.251934 0.158127
v -0.136601 -0.253946 0.151422
v 0.371801 -0.097116 0.027182
v 0.358861 -0.184058 0.052080
v 0.363690 -0.170654 0.059388
v -0.225482 -0.085858 -0.052720
v -0.214169 -0.091224 -0.059518
v -0.012669 -0.182894 -0.124063
v -0.066763 0.155171 0.015162
v -0.216918 0.367237 -0.261273
v -0.209862 0.371571 -0.268427
v -0.028893 0.367370 -0.067776
v -0.215619 0.024092 -0.087275
v -0.212597 -0.003918 -0.097598
v -0.204002 0.267168 -0.149374
v -0.204787 0.277574 -0.154858
v -0.213716 0.171582 -0.067702
v -0.142676 0.235499 -0.045749
v -0.209587 0.271823 0.066181
v -0.209609 0.269106 0.080299
v -0.152476 0.075811 0.124494
v 0.290583 -0.043479 -0.086028
v -0.235128 -0.054926 -0.058839
v -0.227539 -0.043322 -0.078571
v 0.120521 0.033688 -0.135769
v 0.111917 -0.168753 0.201744
v 0.009112 0.141208 -0.021792
v -0.017195 0.140111 0.039248
v -0.145446 0.192966 0.112020
v -0.174298 0.210012 0.150973
v -0.169710 0.229199 -0.127029
v 0.139594 0.139216 0.104036
v -0.202744 0.037495 -0.092216
v -0.220594 0.035428 -0.079837
v 0.243492 -0.083947 0.150605
v -0.216292 0.149825 -0.071006
v -0.172189 -0.072489 -0.109741
v 0.108986 -0.061610 -0.193234
v 0.119630 -0.058321 -0.190310
v 0.112304 -0.041334 -0.196455
v 0.213468 -0.131880 -0.147788
v 0.157223 -0.141822 -0.167122
v 0.157021 -0.128104 -0.173423
v 0.231250 -0.084989 -0.142210
v 0.302462 0.013499 0.064662
v -0.060541 -0.256401 -0.162237
v -0.021145 -0.258266 -0.164125
v 0.024834 -0.223949 -0.161954
v -0.015807 -0.055836 0.145848
v -0.011341 -0.078280 0.140488
v -0.268072 0.027874 0.056473
v -0.260978 0.178536 0.159538
v -0.251513 -0.066360 0.036151
v -0.244114 -0.073076 0.036731
v -0.238302 -0.072961 0.061520
v -0.126814 -0.052321 0.157630
v -0.142426 -0.062142 0.149988
v -0.198488 0.220232 -0.093986
v -0.202466 0.228903 -0.099345
v -0.142598 -0.248287 0.161404
v -0.138785 -0.240316 0.164749
v -0.175504 -0.227626 -0.056503
v -0.293106 0.124685 0.032112
v -0.293394 0.123816 0.066953
v 0.099923 0.146457 -0.064779
v 0.088261 0.137988 -0.077989
v 0.123837 0.162913 -0.028651
v 0.117319 0.151855 -0.050981
v 0.206232 0.143940 -0.008588
v 0.220051 0.137301 0.009421
v 0.140086 -0.240098 -0.092117
v 0.163694 -0.254102 -0.085955
v -0.187299 0.335739 -0.168647
v 0.120746 -0.253065 -0.015184
v -0.005788 0.046466 -0.137589
v 0.014955 0.055868 -0.134669
v -0.068343 -0.163509 -0.086348
v -0.076438 -0.180804 -0.083101
v 0.195579 -0.222516 0.152119
v 0.219537 -0.229497 0.126718
v 0.213262 -0.240397 0.115731
v -0.111168 -0.182081 0.089251
v -0.109026 -0.183669 0.103680
v 0.040231 -0.255105 -0.122516
v 0.069200 -0.234593 -0.092485
v -0.048663 -0.171492 0.132904
v -0.191959 0.327580 -0.142678
v -0.088651 0.277933 -0.070097
v -0.085084 0.326652 -0.060214
v -0.070047 0.268353 -0.006590
v -0.071649 0.275483 -0.011256
v -0.152762 -0.220505 0.148444
v -0.167860 -0.249929 0.132062
v -0.161843 -0.253377 0.127371
v -0.163989 -0.222700 0.128027
v 0.127343 -0.001397 -0.178434
v -0.276430 0.197972 0.031640
v -0.278681 0.198439 0.044154
v 0.099254 0.021595 0.188979
v -0.135962 0.132218 -0.070813
v -0.145899 0.129492 -0.074263
v -0.099088 0.151033 -0.052952
v -0.109200 0.151119 -0.055902
v -0.113730 0.143015 -0.062476
v 0.257054 -0.015415 0.147253
v 0.232862 -0.033544 0.164525
v 0.230996 -0.049070 0.165440
v 0.350308 -0.092180 0.056277
v 0.120739 -0.122391 -0.186284
v 0.111723 -0.126423 -0.185791
v -0.111187 -0.254028 0.115542
v -0.157038 -0.251720 0.055970
v -0.163031 -0.253806 0.078859
v -0.022623 -0.188408 -0.112044
v -0.184593 -0.138404 0.012984
v -0.191701 -0.132468 0.023847
v -0.151331 0.281259 -0.136796
v -0.273329 0.192278 0.117753
v -0.113914 0.193693 0.082657
v 0.044017 -0.187290 0.168499
v -0.153087 0.259635 0.109615
v -0.136002 0.260494 0.098596
v 0.040716 -0.129452 -0.194148
v 0.046004 -0.150009 -0.190464
v 0.055882 -0.127626 -0.197528
v 0.057420 -0.139599 -0.194342
v -0.175646 0.303158 -0.283216
v -0.173122 0.291763 -0.284284
v -0.201577 0.016990 0.137210
v 0.308812 0.014922 -0.010258
v -0.050261 -0.012620 0.151667
v -0.081006 -0.021809 0.154070
v 0.323134 -0.088932 0.037247
v 0.311912 -0.003569 0.019985
v 0.315985 -0.055267 0.027130
v 0.097995 -0.236014 0.075657
v 0.114428 -0.252913 0.136157
v 0.208501 -0.156912 0.168092
v -0.141135 0.064392 0.132341
v -0.118630 0.062449 0.135233
v 0.152770 -0.075889 0.207000
v 0.155722 -0.051477 0.201385
v -0.057889 0.047281 -0.125643
v 0.302248 -0.138586 -0.051262
v 0.295380 -0.135217 -0.050638
v -0.022230 -0.152387 -0.097500
v -0.025213 -0.122929 -0.116936
v -0.194806 0.098034 -0.070621
v 0.183288 -0.157091 0.176185
v 0.146065 -0.150978 0.194566
v -0.005614 0.371282 -0.064011
v -0.001235 0.378034 -0.069053
v 0.012145 0.384461 -0.080538
v 0.018537 0.390125 -0.086519
v 0.161737 0.046706 -0.124903
v 0.150981 0.038340 -0.127803
v 0.077096 -0.085401 -0.200588
v 0.049837 -0.051926 -0.208098
v 0.047722 -0.064973 -0.203844
v 0.042559 -0.030412 -0.205814
v 0.159299 -0.062325 -0.177668
v 0.177332 -0.061069 -0.169865
v 0.283651 0.035272 -0.066329
v 0.292268 0.029131 -0.052805
v 0.011951 -0.043731 0.201289
v -0.023123 -0.208233 0.170745
v -0.011037 -0.237234 -0.072410
v 0.053078 0.064575 0.148665
v -0.025950 0.103498 0.101128
v -0.270563 0.139013 -0.022242
v -0.179482 0.249009 -0.220476
v -0.171626 0.251644 -0.203029
v -0.182116 0.245386 -0.209387
v -0.168681 0.261389 -0.219728
v 0.379025 -0.146653 0.012011
v -0.210666 0.267662 -0.026903
v -0.230019 0.258750 -0.023154
v -0.248696 0.245858 -0.018472
v -0.251577 0.252684 -0.008140
v -0.249136 0.258123 -0.000783
v -0.230752 0.184805 -0.054935
v 0.234783 0.050153 0.129030
v -0.001295 -0.050020 -0.197379
v 0.021697 -0.050008 -0.205897
v 0.035831 -0.001648 -0.190540
v -0.224909 0.325009 -0.180035
v -0.218490 0.323782 -0.160514
v 0.063105 -0.185541 -0.173144
v 0.227559 -0.188229 -0.125412
v -0.054325 -0.255528 0.081333
v -0.078993 -0.252464 0.147574
v 0.060085 0.328218 -0.138292
v -0.194910 0.086143 0.177670
v -0.187811 0.098278 0.188356
v 0.164524 -0.247533 -0.133694
v 0.156199 -0.255661 -0.104251
v -0.030638 -0.221318 0.175953
v 0.037592 -0.252781 0.178940
v 0.072136 -0.253179 0.168171
v 0.075906 -0.246978 0.178074
v 0.076394 -0.236390 0.176939
v -0.005020 -0.246742 -0.165993
v -0.209571 0.165199 0.190532
v 0.176424 -0.116793 0.192450
v 0.165804 -0.120681 0.194712
v 0.039871 0.402876 -0.116854
v -0.177168 -0.211669 -0.004985
v -0.161201 -0.205927 0.000651
v -0.170387 -0.216260 0.008615
v -0.142672 -0.231593 0.047208
v -0.150201 -0.241667 0.049838
v 0.099079 -0.234214 -0.075671
v 0.305146 -0.097268 -0.038100
v 0.301040 -0.123979 -0.044253
v 0.294738 -0.120039 -0.056887
v 0.312095 -0.076969 -0.029264
v -0.285302 0.105121 0.006317
v -0.048811 0.272764 -0.016731
v -0.011476 0.301636 -0.054181
v -0.026754 0.303095 -0.050652
v 0.024165 0.081109 -0.119453
v 0.255379 -0.236177 -0.042257
v -0.001259 -0.157314 0.125409
v 0.000887 -0.170569 0.128648
v -0.004330 -0.176138 0.126776
v -0.071050 -0.005081 -0.135650
v 0.136527 -0.105454 0.204143
v 0.245157 -0.154202 -0.111783
v 0.213072 -0.167742 -0.149218
v -0.002789 -0.235613 0.119923
v 0.016700 -0.237784 0.081264
v 0.114941 0.013799 0.196555
v -0.285293 0.132446 0.095838
v -0.285656 0.122520 0.087061
v -0.203028 -0.047174 -0.102813
v 0.301424 -0.079353 0.084398
v 0.304353 -0.228863 0.027032
v 0.005187 -0.168029 -0.157815
v -0.000703 -0.188486 -0.146393
v -0.016929 -0.189134 -0.125908
v 0.182791 0.148833 0.073019
v 0.196695 0.142277 0.066435
v -0.113454 -0.231638 -0.085392
v 0.079989 -0.206211 0.170183
v 0.101896 0.165069 0.029176
v 0.107472 0.165728 0.006741
v 0.193972 -0.055105 0.191464
v 0.214604 -0.030477 0.174211
v 0.247894 0.005361 0.146017
v -0.003719 -0.016020 0.166237
v -0.004118 0.321439 -0.112596
v -0.027849 -0.257006 0.047852
v 0.140601 -0.208811 -0.147397
v 0.131254 -0.197989 -0.161907
v 0.233366 -0.202783 -0.090378
v 0.197197 -0.241824 -0.099649
v -0.171380 0.265976 -0.046349
v -0.168898 0.272148 -0.067330
v -0.165688 0.188949 0.139575
v -0.144773 0.214005 0.118136
v 0.048189 0.024106 -0.142588
v 0.038740 0.019844 -0.147053
v 0.084933 0.030356 -0.141898
v 0.135422 0.024550 -0.139178
v -0.227654 0.190907 0.179196
v 0.002483 -0.236672 -0.082601
v -0.022325 0.027496 0.153000
v 0.039480 0.069544 0.142643
v 0.021790 0.058189 0.145697
v 0.023547 -0.186649 0.163521
v 0.030797 -0.198143 0.182684
v -0.080012 -0.117380 0.135543
v -0.085539 -0.148996 0.127243
v -0.243054 0.260313 0.079810
v 0.215796 0.137593 0.058071
v -0.114099 0.242266 0.060686
v -0.120599 0.264419 0.030984
v 0.055791 0.397068 -0.153697
v 0.049089 0.370182 -0.153303
v 0.201144 -0.140159 -0.153750
v 0.181810 -0.142673 -0.160455
v -0.000637 0.329553 -0.079752
v 0.104852 -0.233033 0.116783
v -0.136039 -0.188008 -0.024019
v -0.230318 -0.095938 -0.002693
v -0.243623 -0.076287 -0.016603
v 0.268523 -0.156245 0.117031
v -0.134739 -0.257891 -0.082628
v -0.124359 -0.258922 -0.071887
v -0.241362 0.071861 -0.037130
v -0.237822 0.063598 -0.048258
v -0.221157 0.079769 -0.053568
v 0.230675 0.120406 0.074548
v -0.154713 0.238214 -0.077867
v -0.101820 -0.184926 0.119877
v -0.113497 -0.189867 0.111268
v -0.093626 0.153027 0.088654
v -0.098281 0.177959 0.073781
v -0.038758 -0.020661 -0.142274
v 0.201163 0.065461 0.135526
v 0.197529 0.105748 0.117235
v 0.142731 0.027546 0.169667
v 0.129085 0.037281 0.155209
v 0.148381 0.037955 0.164445
v -0.014662 0.010317 -0.140908
v -0.190218 0.143370 0.190844
v -0.198175 0.156862 0.187366
v -0.187837 0.163514 0.178951
v 0.232369 -0.011743 -0.133021
v 0.238295 -0.035617 -0.130481
v -0.220963 0.254029 -0.049943
v -0.284242 0.108329 0.097669
v -0.289239 0.118718 0.130532
v 0.051393 -0.256778 -0.126681
v -0.008538 -0.169477 0.119978
v 0.186202 -0.252661 0.120341
v 0.177228 -0.252969 0.101832
v 0.133300 -0.256112 -0.019013
v 0.174610 -0.254810 -0.055024
v 0.049540 -0.235903 0.097747
v 0.032321 -0.235653 0.108600
v 0.050034 -0.232710 0.135962
v 0.001139 0.119018 -0.077083
v -0.040620 -0.014553 0.151249
v -0.207806 0.252370 -0.165435
v -0.200592 0.239967 -0.169689
v 0.277150 -0.241358 0.027322
v -0.225936 0.346025 -0.220191
v -0.177708 0.381176 -0.279743
v -0.174622 0.376495 -0.273458
v -0.188600 0.381748 -0.269400
v 0.361911 -0.111392 -0.026311
v 0.365760 -0.120026 -0.026022
v 0.078115 -0.014639 0.210710
v -0.097733 0.216150 -0.017330
v -0.090068 0.223000 -0.020093
v -0.101938 0.221862 -0.033850
v 0.269577 -0.170967 -0.067232
v 0.281258 -0.158130 -0.060961
v 0.345912 -0.108294 -0.031443
v -0.063999 0.108816 0.098333
v -0.070312 0.125624 0.076811
v -0.057825 0.122742 -0.088277
v -0.040377 0.108174 -0.091687
v 0.162850 0.090241 0.130935
v 0.136099 0.120537 0.118613
v 0.166789 0.018484 -0.139501
v 0.170171 0.008224 -0.151357
v 0.176653 -0.002444 -0.157260
v 0.274612 0.080223 -0.019211
v 0.161914 -0.018365 -0.172215
v 0.199302 -0.037062 -0.156226
v -0.069739 0.289433 -0.015988
v -0.013817 0.364800 -0.057428
v -0.019300 0.367528 -0.057641
v -0.154928 0.319562 -0.234610
v 0.202398 0.079859 0.126343
v -0.201510 0.251955 -0.200103
v -0.067961 -0.257026 -0.057524
v -0.048996 -0.237886 -0.069547
v -0.040599 -0.237948 -0.091837
v -0.020942 -0.180606 -0.094463
v 0.046337 -0.136292 0.192150
v -0.169557 0.204017 -0.070595
v -0.131356 0.196142 -0.058403
v -0.164458 -0.146149 0.023242
v -0.145582 -0.148933 -0.004739
v 0.136236 -0.255133 0.044853
v 0.095180 -0.128794 -0.190397
v 0.050608 0.010874 0.193179
v 0.066980 -0.007865 0.207335
v -0.260951 0.086149 0.090882
v -0.259796 0.083178 0.070612
v 0.066572 0.020753 -0.161286
v 0.050241 0.056672 -0.132160
v -0.177072 -0.101381 -0.077793
v 0.149972 -0.169212 -0.169377
v 0.123612 -0.159462 -0.175373
v 0.201873 -0.127145 0.171118
v 0.368888 -0.174524 0.015298
v 0.337766 -0.208377 0.007329
v 0.063696 0.318167 -0.129332
v -0.245233 0.092413 -0.041984
v -0.256173 0.101979 -0.036109
v -0.232718 0.080985 -0.042744
v -0.273172 0.093760 -0.011382
v -0.167512 0.089465 -0.087923
v -0.168467 0.102888 -0.078445
v -0.154426 0.117347 -0.075948
v -0.155658 0.077557 -0.101267
v -0.008555 -0.238034 0.094669
v -0.016128 -0.237820 0.111332
v -0.059948 -0.069422 0.150257
v -0.044915 -0.115772 0.143774
v -0.055345 -0.136499 0.142198
v -0.102206 -0.097332 0.131894
v -0.117813 -0.100928 0.130085
v -0.152540 -0.110383 0.115204
v -0.165555 0.238179 -0.151809
v 0.090314 -0.158733 -0.180437
v 0.086044 -0.175395 -0.178381
v -0.049469 0.053377 0.130851
v 0.262183 -0.081738 -0.108169
v 0.252768 -0.075536 -0.124002
v -0.064902 0.021380 0.145367
v -0.228534 0.146365 0.193495
v -0.141332 -0.150982 0.035713
v -0.137537 -0.144619 0.058445
v -0.228188 0.324482 -0.199306
v -0.227247 0.334942 -0.204452
v -0.206181 0.324357 -0.222062
v -0.222500 0.284548 -0.132624
v -0.218576 0.271580 -0.116632
v -0.221998 0.277812 -0.114842
v -0.042220 -0.217504 0.156648
v -0.035009 -0.205442 0.155071
v 0.149491 -0.226432 -0.138835
v 0.006106 -0.239206 0.054367
v 0.052835 -0.237657 0.010164
v 0.185320 -0.024739 -0.163075
v -0.069425 -0.247297 -0.154761
v -0.074986 -0.251393 -0.146450
v -0.071933 -0.254897 -0.151951
v -0.268024 -0.025537 0.038613
v 0.056628 -0.094435 0.200118
v 0.050048 -0.107384 0.200113
v 0.063753 0.307026 -0.112111
v 0.057314 0.299694 -0.099333
v 0.137581 0.016403 -0.156867
v -0.102209 0.158665 -0.047791
v 0.129667 -0.197206 0.181269
v 0.107367 -0.080694 0.217883
v 0.126692 -0.079018 0.207461
v 0.134867 -0.060877 0.205396
v 0.128518 -0.142689 0.205101
v 0.122073 -0.173611 0.195029
v 0.009395 -0.192053 -0.153830
v -0.008599 -0.189744 -0.138882
v 0.139803 0.048795 -0.129777
v 0.129418 0.063469 -0.124413
v 0.234746 -0.181834 0.128900
v 0.242998 -0.192335 0.120276
v -0.028289 -0.139422 -0.100210
v -0.028671 -0.132204 -0.097992
v -0.026145 -0.132648 -0.104626
v -0.051841 -0.146380 -0.086200
v -0.236267 0.245048 0.119134
v -0.193620 -0.255058 -0.036945
v 0.041613 -0.171633 0.178804
v 0.046301 0.290724 -0.082044
v -0.026563 0.352392 -0.046185
v -0.031304 0.340943 -0.042542
v -0.040180 0.337618 -0.034596
v -0.008659 -0.135636 -0.154095
v 0.027394 -0.082886 -0.206295
v -0.135970 0.270837 0.026686
v -0.068336 0.153598 -0.028235
v -0.085642 0.158850 -0.027468
v -0.080538 0.157354 -0.021596
v 0.028788 0.377061 -0.106289
v 0.275548 0.072627 0.066073
v 0.242939 0.106933 0.080898
v -0.140024 0.275195 -0.003157
v -0.129126 0.289679 -0.017794
v -0.139894 0.278261 -0.018377
v -0.093072 0.296943 -0.006698
v -0.092643 0.223707 -0.010568
v -0.175164 0.271948 0.076165
v -0.193943 0.086074 -0.075256
v 0.136587 -0.252398 0.124775
v 0.140384 -0.232364 0.107702
v 0.155486 -0.253865 0.132339
v 0.130991 -0.232726 0.113472
v 0.127099 -0.252683 0.130880
v 0.121887 -0.232807 0.112168
v -0.251659 0.194647 0.159844
v 0.291815 -0.089959 0.100841
v 0.300437 -0.062660 0.084976
v 0.285956 -0.050554 0.113032
v -0.158123 0.084554 0.125072
v 0.105047 0.086436 -0.119283
v 0.097388 0.094580 -0.111654
v 0.170450 0.103441 -0.104485
v -0.091812 -0.087018 0.142560
v -0.089564 -0.078262 0.146776
v 0.177928 -0.254215 -0.112242
v 0.180568 -0.245181 -0.125636
v 0.187178 -0.250748 -0.106686
v 0.170044 -0.253828 -0.120805
v 0.130086 -0.233594 -0.065200
v 0.251884 -0.237759 0.069530
v -0.032315 -0.027410 0.148073
v -0.038401 -0.028915 0.149594
v 0.180507 0.050573 -0.121840
v 0.171125 0.053753 -0.121620
v -0.124308 -0.256800 0.065199
v -0.278606 0.213600 0.079873
v -0.281206 0.208278 0.050714
v 0.115091 -0.053828 0.211922
v -0.081732 0.101561 -0.104769
v -0.069399 0.092228 -0.106232
v -0.069322 0.071779 -0.118193
v -0.006493 -0.223161 0.193326
v 0.013095 -0.207122 0.191935
v -0.025255 -0.250785 -0.170766
v -0.051234 -0.246203 -0.164444
v 0.104424 -0.250786 0.165915
v -0.138934 -0.026301 0.156763
v 0.059686 0.084079 -0.116140
v 0.088946 0.070096 -0.134746
v 0.077441 0.084327 -0.123244
v -0.129725 -0.152333 0.041429
v -0.109450 -0.160225 0.046729
v -0.015090 0.376610 -0.079656
v -0.017234 0.373032 -0.090573
v 0.218410 0.094154 -0.087156
v -0.028309 -0.189243 0.137025
v -0.149155 0.013891 -0.117320
v 0.143514 -0.107120 -0.178026
v 0.145374 -0.118702 -0.177556
v -0.208715 -0.086758 0.102064
v -0.154750 -0.253790 0.141120
v -0.188015 -0.013762 0.145070
v -0.136561 -0.223159 0.055210
v -0.142670 -0.231040 0.054136
v -0.264252 0.242970 0.088650
v -0.185207 0.071944 0.128626
v -0.186826 0.064452 0.124119
v -0.210669 0.062904 0.123950
v -0.202199 0.067873 0.128966
v -0.210721 0.054195 0.119957
v 0.207605 -0.247067 0.039324
v -0.121975 -0.198310 0.141607
v -0.088762 -0.192680 0.131653
v -0.166667 -0.131788 0.068939
v -0.250002 -0.040511 -0.049248
v -0.258619 -0.028514 -0.034445
v -0.254228 -0.022329 -0.045101
v -0.222552 0.004815 -0.088224
v 0.342232 -0.166566 -0.049866
v -0.045820 0.048323 -0.125305
v 0.269985 0.066581 -0.056760
v 0.270513 0.053541 -0.072745
v -0.292300 0.144402 0.038392
v -0.087853 0.173146 0.050955
v -0.004328 -0.139773 -0.161656
v -0.013963 -0.121078 -0.156955
v -0.014701 -0.106586 -0.160449
v -0.016654 -0.085438 -0.173664
v -0.022606 -0.102827 -0.141128
v -0.171393 -0.208954 -0.028451
v -0.219440 -0.103430 -0.004864
v -0.207157 -0.111276 -0.029656
v -0.158638 0.276784 -0.098313
v 0.004202 -0.145662 -0.169843
v 0.322734 -0.217995 0.039577
v -0.001116 0.282418 -0.038637
v -0.007698 0.288179 -0.034073
v 0.319885 -0.084003 0.005214
v 0.008643 -0.243609 0.198529
v -0.162695 0.116386 0.173377
v -0.024680 0.138210 0.050667
v -0.137982 0.214371 0.105374
v 0.111313 0.031267 0.171047
v 0.115849 0.025705 0.183969
v -0.146169 0.004485 -0.119923
v -0.078727 -0.048145 -0.125183
v -0.136053 -0.021006 -0.128847
v -0.084209 -0.028333 -0.132406
v -0.126545 0.279485 -0.039055
v -0.125241 0.290927 -0.034497
v -0.115191 0.302149 -0.036715
v -0.172533 0.264555 -0.254787
v 0.232326 -0.067827 0.162901
v -0.191320 0.256412 -0.236113
v -0.108667 0.159021 0.106758
v -0.103413 0.166783 0.096500
v -0.134427 0.047673 0.143742
v -0.150230 0.031366 0.147339
v 0.080912 -0.071178 0.212780
v 0.220370 -0.215051 0.135926
v 0.206977 -0.232596 0.142784
v 0.002106 0.142906 0.015516
v 0.378999 -0.120591 0.036601
v -0.273180 0.206202 0.023526
v 0.273256 -0.100632 -0.098543
v -0.190402 0.349302 -0.269054
v 0.023886 -0.145043 -0.183810
v 0.285706 0.050217 0.072758
v -0.268498 0.041356 0.013545
v 0.180710 -0.198083 0.154568
v 0.347762 -0.162168 0.085123
v -0.043776 0.149303 -0.026070
v -0.152089 -0.235822 0.065877
v 0.269474 0.009298 -0.090928
v -0.076111 -0.049767 0.146702
v -0.070465 -0.034042 0.149083
v -0.181567 0.029077 -0.103219
v -0.163951 -0.002002 -0.118035
v -0.166064 0.010187 -0.115328
v -0.179176 0.014375 -0.107784
v -0.030154 0.258401 -0.040396
v -0.155967 -0.148525 0.011894
v -0.139816 -0.152883 0.020990
v -0.001199 0.003947 0.158006
v 0.001482 -0.000800 0.160071
v 0.003544 0.011715 0.152572
v 0.007298 0.048105 0.148132
v -0.010769 0.044178 0.145038
v 0.130548 0.167667 0.014397
v -0.171679 0.223127 -0.107342
v -0.162248 0.231291 -0.113997
v -0.198768 0.223544 -0.105989
v 0.078701 -0.034771 -0.201743
v -0.183617 0.270328 -0.026489
v -0.195621 0.271266 -0.022992
v -0.038834 -0.150386 -0.085263
v 0.083375 -0.236430 -0.015678
v -0.131561 -0.183159 -0.039100
v 0.035390 0.356438 -0.110071
v 0.040028 0.334745 -0.104288
v 0.095254 0.040788 0.153124
v -0.254801 -0.004951 -0.047644
v -0.256517 0.016103 -0.037098
v -0.187323 0.119549 -0.075573
v -0.170652 0.141617 -0.075519
v 0.020342 -0.181167 0.154567
v 0.012139 -0.190203 0.172961
v -0.008137 0.315342 -0.068399
v 0.113745 0.163936 0.048998
v -0.126411 -0.064091 -0.123102
v 0.176444 -0.061633 0.198789
v 0.175322 -0.074812 0.198870
v 0.012930 -0.086594 0.176283
v -0.021247 -0.253003 0.067950
v 0.023569 -0.257459 -0.131315
v 0.031555 -0.258402 -0.145704
v 0.050876 -0.257655 -0.142354
v -0.076658 -0.002990 0.149705
v 0.312930 -0.036814 0.045841
v -0.013168 -0.130503 -0.141128
v -0.017989 -0.118692 -0.144984
v -0.213621 0.296008 -0.095193
v -0.217897 0.296562 -0.108243
v 0.176540 0.040554 -0.131978
v 0.175735 0.034256 -0.134802
v -0.062665 -0.254271 0.113866
v -0.091575 0.267097 -0.065400
v 0.154926 0.127164 0.115537
v -0.067443 0.261663 -0.008322
v 0.313904 -0.053331 -0.024445
v 0.234042 0.014847 -0.121985
v 0.226541 0.007533 -0.127713
v -0.007778 -0.132637 0.125689
v -0.145224 -0.199776 0.110380
v -0.264325 -0.016670 -0.022987
v 0.275785 -0.219275 -0.052930
v 0.295106 -0.207293 -0.053173
v 0.146730 0.110444 -0.104199
v 0.140963 0.123756 -0.093628
v -0.174250 0.328797 -0.171163
v -0.182985 0.325959 -0.147170
v -0.269695 0.172925 -0.021724
v -0.157283 -0.115182 -0.074157
v 0.069447 0.154070 0.067983
v 0.041352 0.151215 0.045214
v 0.003724 -0.202031 -0.153936
v -0.000639 -0.196330 -0.148668
v -0.099652 -0.011534 -0.131084
v -0.111617 0.014208 -0.133288
v -0.103909 0.002304 -0.130871
v 0.011167 0.394830 -0.098148
v -0.073365 -0.216216 -0.110587
v -0.079109 -0.237257 -0.133529
v -0.082069 -0.236466 -0.126040
v -0.076770 -0.243892 -0.137514
v -0.081328 -0.254324 -0.133464
v -0.094344 -0.257059 -0.098459
v -0.084002 -0.257566 -0.111435
v 0.057757 0.152321 -0.027680
v 0.136544 -0.238868 0.161546
v -0.277794 0.247419 0.029312
v -0.261136 0.259818 0.039686
v 0.297714 0.041364 -0.020500
v -0.261503 0.013504 0.076502
v -0.235669 0.036078 0.100588
v -0.218261 0.229202 -0.056575
v -0.259474 0.099768 0.168252
v -0.251185 0.088642 0.164513
v -0.270717 0.093992 0.153622
v 0.067895 0.118310 0.121436
v 0.088001 0.134659 0.109494
v 0.080013 0.097619 0.137528
v 0.087533 0.101592 0.134580
v 0.147645 -0.037786 -0.179322
v 0.037644 -0.070667 0.204646
v -0.292245 0.149039 0.061834
v 0.199378 -0.254974 -0.023561
v 0.192462 -0.248919 -0.016829
v 0.193098 -0.254627 -0.028522
v 0.025337 0.286678 -0.056220
v 0.032439 0.294991 -0.060309
v -0.000610 0.269889 -0.059350
v 0.133204 0.131410 -0.082328
v 0.191063 0.131160 -0.063403
v -0.170164 -0.228674 -0.062731
v -0.164043 -0.111152 0.108984
v -0.161288 -0.121948 0.093429
v -0.194849 0.275666 -0.212643
v 0.078049 0.075453 0.148697
v 0.220571 0.043744 0.144462
v 0.226957 0.000803 0.162378
v 0.242559 -0.011990 0.152377
v 0.234381 -0.017096 0.158592
v 0.290625 -0.132617 0.093654
v 0.295242 -0.140087 0.091654
v 0.284303 -0.111008 0.112243
v 0.044396 -0.252741 0.152460
v 0.040460 -0.232845 0.134285
v 0.098463 -0.221639 -0.147425
v 0.096101 -0.215578 -0.149384
v 0.062734 -0.215275 -0.151117
v 0.296068 -0.197378 0.100943
v 0.197181 -0.251684 -0.065568
v 0.203022 -0.251073 -0.053904
v 0.195651 -0.251879 -0.054683
v -0.201277 -0.124784 0.009228
v -0.006059 0.138210 0.039202
v -0.218672 -0.089648 0.082260
v 0.080003 -0.199555 0.169890
v 0.090171 -0.189765 0.183053
v 0.090807 -0.205602 0.167432
v -0.003925 0.111507 0.095251
v 0.144572 -0.202797 0.174743
v 0.167485 -0.205041 0.156533
v 0.182868 -0.204188 0.152088
v -0.144234 -0.258836 -0.049897
v -0.147260 -0.257955 -0.076992
v -0.161122 -0.140463 -0.025603
v 0.168539 0.022466 0.172855
v 0.167862 0.035990 0.169910
v 0.321360 -0.154834 -0.061269
v 0.221867 -0.136109 0.159120
v -0.027156 0.146382 0.022226
v 0.066972 0.034343 0.154782
v 0.264863 -0.040659 -0.116849
v 0.228064 -0.065923 -0.142818
v -0.234042 -0.042556 -0.067028
v -0.252871 -0.032439 0.076344
v 0.093201 -0.116473 0.206950
v 0.075127 -0.145331 0.202469
v 0.091078 -0.138965 0.205296
v 0.102865 -0.132393 -0.188338
v 0.091404 -0.142394 -0.188134
v 0.004083 -0.026705 -0.195048
v -0.148855 -0.102346 -0.098059
v 0.347503 -0.172159 -0.041774
v -0.264451 0.016358 -0.021009
v -0.267163 0.037435 0.000699
v 0.070482 -0.107767 -0.194372
v 0.059362 -0.079960 -0.204030
v -0.217120 0.153378 0.194372
v -0.153595 0.279360 -0.119122
v 0.268789 -0.127570 -0.096470
v -0.100032 0.200280 -0.015558
v -0.103988 0.190499 -0.030746
v -0.236689 0.268452 0.030723
v -0.100911 -0.031706 0.160887
v -0.085788 -0.049686 0.152026
v -0.085881 -0.037611 0.156526
v -0.172301 -0.244479 0.126991
v 0.135890 -0.161588 -0.169747
v 0.149792 -0.161098 -0.170093
v 0.233926 0.126611 0.029667
v 0.268495 -0.151199 -0.088357
v 0.247382 -0.175913 -0.101707
v 0.238093 -0.174899 -0.121605
v 0.070355 -0.219586 0.179195
v -0.178747 -0.001177 0.147309
v -0.154590 0.006117 0.155654
v -0.160624 0.019583 0.147183
v 0.140449 -0.094171 -0.184801
v 0.160471 -0.088580 -0.176526
v 0.167649 -0.075764 -0.170773
v -0.252581 0.055935 0.065886
v -0.188494 0.242473 -0.204395
v -0.208815 0.188042 -0.065758
v -0.140046 0.177483 -0.065027
v -0.143440 0.169873 -0.068034
v -0.191718 0.152895 -0.076624
v -0.169474 0.162139 -0.075296
v -0.096331 -0.160409 -0.081752
v -0.282687 0.091254 0.046123
v -0.286061 0.095424 0.027746
v 0.278655 -0.018628 -0.100839
v 0.268303 -0.007215 -0.106026
v -0.008522 0.378875 -0.068642
v -0.045612 0.295375 -0.036338
v -0.051881 0.288122 -0.028663
v 0.281231 -0.160921 0.098873
v 0.032359 0.151105 0.015936
v -0.214475 0.112986 -0.068609
v -0.052818 -0.150186 0.138082
v -0.050919 -0.183094 0.133247
v -0.039632 -0.083255 -0.117895
v -0.070382 0.057883 0.138351
v -0.111110 0.070284 0.128607
v -0.103088 0.054549 0.135021
v 0.045666 -0.164995 0.183315
v 0.052275 -0.177397 0.178804
v 0.056733 -0.156052 0.186341
v 0.111387 -0.180306 0.197213
v -0.075745 -0.254153 0.095079
v 0.303945 -0.035906 0.081608
v 0.297785 -0.027534 0.089756
v 0.090716 0.156970 0.073485
v 0.099132 0.148290 0.092480
v 0.051959 0.148479 0.067814
v -0.083752 0.121773 0.080402
v -0.087617 0.130100 0.081515
v 0.015783 0.019831 0.157883
v 0.137481 -0.234611 0.081784
v 0.179093 -0.092047 0.193834
v 0.183760 -0.130779 0.182633
v -0.218560 0.237928 0.140195
v -0.196147 0.266407 0.094433
v 0.105803 -0.237077 0.047664
v 0.225273 0.119790 -0.046860
v 0.007793 -0.239340 0.022073
v -0.005262 -0.238650 -0.004575
v -0.173585 0.272794 0.018990
v -0.001857 -0.187008 0.160374
v -0.002255 -0.210384 0.183778
v 0.143928 -0.017498 -0.180646
v -0.214687 0.245772 -0.103872
v -0.051102 -0.059481 0.149261
v -0.047198 -0.150822 -0.085821
v -0.078161 -0.162245 -0.085717
v -0.106108 -0.046335 0.155702
v -0.192616 -0.117772 -0.039142
v -0.216958 -0.095816 -0.034122
v 0.012553 -0.015215 0.189924
v -0.054767 0.152395 0.017480
v -0.169371 0.233408 0.135064
v 0.358470 -0.114025 0.071908
v 0.353157 -0.104184 0.069234
v 0.200122 -0.160617 0.172513
v 0.110760 0.006386 -0.179576
v 0.120508 0.010535 -0.172098
v -0.022981 0.274779 -0.083509
v -0.015452 0.263689 -0.054295
v -0.036115 0.253604 -0.044073
v -0.219523 0.072458 0.152623
v -0.180903 -0.078424 -0.101656
v 0.140918 0.166096 -0.007125
v -0.234585 0.019273 -0.068747
v 0.239361 -0.052024 0.157285
v -0.154495 0.349395 -0.305673
v -0.152945 0.358145 -0.303338
v -0.149499 0.352543 -0.301072
v -0.123348 -0.152481 0.051908
v -0.133112 -0.136758 0.077451
v -0.082319 -0.237372 0.157405
v -0.076667 -0.249021 0.153729
v 0.242235 0.103472 -0.053100
v -0.225334 0.305381 -0.156458
v -0.218501 0.312470 -0.140297
v -0.260464 0.062861 0.019621
v -0.270096 0.038079 0.033067
v -0.070029 -0.135060 -0.093461
v -0.129951 -0.071958 0.149572
v -0.140159 -0.082389 0.143968
v -0.195941 0.227015 -0.121594
v -0.139164 0.126563 0.140593
v -0.145976 0.107055 0.135562
v -0.015379 -0.253900 0.140928
v -0.264103 0.225279 0.111519
v -0.147900 0.339156 -0.301157
v -0.150841 0.337462 -0.305017
v -0.067247 0.263585 -0.071636
v 0.015389 0.096212 -0.103681
v 0.102138 -0.038837 0.212416
v -0.040301 -0.250422 0.043514
v -0.047350 -0.257531 -0.166654
v -0.040199 -0.251675 -0.171723
v -0.119612 0.111292 -0.093142
v 0.032703 0.061609 -0.133707
v -0.217709 0.022653 0.122240
v -0.235724 -0.006117 0.108094
v -0.217819 0.049731 0.113492
v 0.158871 0.153088 0.081375
v -0.087053 0.089315 0.113359
v -0.181707 0.075308 0.134897
v -0.106279 -0.161732 0.029337
v -0.102065 -0.172165 0.027468
v -0.141645 0.218586 -0.048901
v -0.136770 0.235390 -0.044928
v 0.061725 -0.230059 -0.152050
v 0.034830 -0.214893 -0.158340
v 0.264328 0.042937 -0.088755
v 0.285199 -0.195673 0.101835
v 0.016750 -0.237152 -0.111537
v 0.040243 -0.236018 -0.106386
v -0.246779 0.128635 0.176637
v -0.265373 0.141870 -0.036770
v -0.206020 0.229472 0.151601
v -0.128585 -0.185725 0.000987
v -0.119440 -0.173135 0.008042
v -0.191242 0.277722 -0.044290
v 0.023356 0.020289 0.156926
v 0.030449 0.019283 0.159841
v 0.037142 0.022901 0.157657
v 0.031191 0.024139 0.156315
v -0.157677 0.053767 -0.110139
v -0.166143 0.059356 -0.100047
v -0.246291 0.150338 -0.056326
v 0.054272 0.002971 -0.187578
v 0.063470 -0.026534 -0.203898
v 0.227877 -0.097504 0.154520
v 0.135661 0.044648 0.152317
v -0.179573 0.292008 -0.081490
v -0.160471 0.269472 -0.004632
v -0.098981 0.119684 0.103261
v 0.177359 -0.189418 -0.153408
v 0.185641 -0.180154 -0.152051
v 0.368999 -0.144168 -0.023012
v -0.159961 0.248400 -0.162737
v -0.006358 -0.240716 0.058327
v 0.221451 -0.121035 -0.139654
v 0.211798 -0.116193 -0.153607
v 0.212058 -0.093595 -0.153790
v -0.046741 -0.029667 0.153521
v 0.311759 -0.194968 -0.057065
v -0.206561 0.219442 -0.068979
v -0.196089 0.205596 -0.069115
v -0.093423 0.069598 0.131366
v 0.209589 0.041909 -0.121662
v -0.037590 0.070009 0.125176
v -0.047464 0.074182 0.121911
v -0.250756 -0.046243 0.061828
v -0.242860 -0.063913 0.064541
v -0.112798 0.142044 0.116602
v -0.250475 0.262029 0.015736
v 0.027908 0.282348 -0.066378
v 0.010033 0.275072 -0.056534
v 0.243051 -0.134925 -0.123498
v -0.033948 0.330578 -0.102282
v -0.115422 0.227515 0.061962
v -0.272743 0.199242 0.069711
v -0.280143 0.219878 0.060549
v -0.277992 0.182387 0.036971
v 0.072824 0.007553 -0.182911
v 0.113221 0.035838 0.156180
v 0.116121 0.042838 0.154520
v 0.115105 -0.232172 0.117935
v 0.139430 0.092011 0.138649
v -0.189462 0.345822 -0.203802
v -0.275517 0.167851 0.122291
v -0.283125 0.153078 0.094745
v -0.160370 -0.051158 -0.119244
v 0.159523 0.161710 -0.021075
v 0.126146 -0.253520 -0.107171
v -0.148440 -0.255159 0.093047
v -0.115538 -0.258280 0.051537
v -0.052502 0.078717 -0.116833
v -0.208277 0.094387 0.185284
v -0.224765 0.107544 0.183612
v 0.168184 -0.007107 -0.166375
v 0.173849 -0.020005 -0.169039
v 0.247683 -0.251366 0.025333
v -0.130678 -0.259093 -0.050057
v -0.077710 0.114841 -0.097191
v 0.325810 -0.134795 0.094775
v -0.006957 0.066662 0.132346
v -0.193003 -0.129123 -0.012204
v -0.185365 -0.125945 -0.034901
v -0.081622 0.142398 0.066658
v 0.237367 0.001188 0.154692
v 0.219725 0.016951 0.161372
v -0.008476 0.126296 0.062978
v 0.007581 0.127452 0.074242
v -0.050855 -0.072105 -0.116734
v -0.056740 -0.095126 -0.111031
v 0.009812 -0.067883 -0.201009
v -0.200029 -0.015206 0.141905
v -0.116016 -0.197648 0.070765
v 0.280362 -0.228302 -0.042234
v -0.088229 0.156099 -0.035156
v -0.018701 0.328114 -0.109618
v 0.008449 0.341277 -0.122790
v 0.012797 -0.107487 0.163197
v 0.307745 -0.115462 -0.035489
v -0.178405 0.189063 0.160916
v -0.187029 0.184861 0.171076
v 0.073882 -0.129815 -0.192229
v -0.067398 -0.106098 0.143593
v -0.267001 -0.026315 -0.000112
v -0.268785 -0.027787 0.014611
v 0.102454 0.064752 -0.133033
v -0.153464 0.357403 -0.283994
v 0.013908 -0.237607 -0.023829
v 0.310187 -0.066959 0.065721
v 0.307247 -0.049818 0.073694
v -0.238360 0.140152 0.189011
v -0.231322 0.161248 0.192463
v 0.021969 -0.205127 -0.157709
v -0.033871 0.287194 -0.024829
v -0.034446 0.281106 -0.021303
v 0.279720 -0.047808 -0.102409
v 0.260939 -0.060511 -0.115286
v 0.154702 0.085543 -0.119407
v 0.135610 0.103443 -0.113478
v 0.132187 0.089140 -0.122968
v -0.143064 -0.237042 0.051578
v -0.016761 -0.175559 -0.104733
v -0.165237 0.280394 -0.086154
v 0.066793 0.371353 -0.166220
v 0.074510 0.362423 -0.163885
v 0.068006 0.386305 -0.158327
v 0.114669 -0.234068 -0.054229
v -0.023294 0.089079 0.112954
v -0.097704 0.220855 -0.001152
v -0.112948 0.185863 0.090988
v 0.325829 -0.085116 0.023764
v -0.018726 0.294687 -0.044440
v -0.000605 0.294152 -0.043980
v 0.290393 0.058069 -0.009765
v -0.033688 -0.258182 -0.166701
v -0.187111 -0.106170 0.097798
v -0.112573 0.065887 -0.118482
v 0.068341 0.317201 -0.106376
v 0.051306 -0.193508 0.169837
v 0.040360 -0.192764 0.170202
v 0.227036 0.078866 0.119507
v 0.246162 0.075001 0.109031
v 0.250068 0.089522 0.093473
v 0.079855 0.114276 -0.098343
v -0.252652 0.215528 0.140554
v -0.264248 0.211339 0.130221
v 0.071068 -0.108828 0.201849
v 0.046947 -0.120927 0.195340
v -0.279623 0.240141 0.026558
v 0.285732 -0.100157 -0.086215
v -0.150175 -0.023942 -0.120514
v 0.043284 0.152136 -0.010621
v 0.085702 0.052945 -0.135850
v -0.079759 0.260878 -0.000810
v -0.103476 0.255643 0.014859
v -0.278786 0.085979 0.024046
v -0.259482 0.068906 0.041254
v 0.316920 -0.084806 -0.013148
v -0.131424 -0.001447 -0.130848
v -0.006649 0.007925 0.159191
v -0.189401 0.382618 -0.280542
v -0.178925 0.381488 -0.288921
v -0.177762 0.375713 -0.293953
v -0.154579 0.327852 -0.253449
v -0.153275 0.312203 -0.271940
v -0.245604 0.080989 -0.030880
v 0.187778 -0.250934 0.139789
v 0.196842 -0.246395 0.139592
v 0.200211 -0.251076 0.105355
v -0.041727 -0.035246 -0.134097
v -0.051048 -0.016598 -0.138742
v -0.016182 -0.028321 0.151509
v -0.022153 -0.034795 0.145442
v -0.014434 -0.022642 0.153888
v -0.259136 0.160323 0.172178
v -0.167060 -0.228808 0.102968
v -0.158199 -0.207881 0.105735
v -0.071649 -0.238626 0.154118
v 0.101933 -0.085763 -0.192401
v -0.235624 -0.079508 0.047786
v -0.229762 -0.096001 0.040046
v 0.183675 -0.235598 -0.128482
v 0.189375 -0.216450 -0.136905
v 0.202403 -0.198517 -0.129963
v -0.182036 0.225954 -0.128019
v -0.173065 0.231709 -0.142862
v -0.202391 0.350217 -0.255842
v -0.266464 0.083300 0.141188
v -0.277834 0.093210 0.139699
v 0.255030 -0.006767 -0.116971
v 0.256229 -0.021937 -0.120139
v -0.010680 -0.252726 -0.124642
v -0.022877 -0.237226 -0.108151
v -0.009021 -0.238485 -0.114418
v 0.177746 0.066664 0.140242
v -0.155436 0.255938 -0.086188
v -0.153687 0.268207 -0.105373
v -0.286609 0.107398 0.135623
v 0.357960 -0.191629 0.024053
v -0.220189 -0.097116 0.061296
v 0.000892 -0.253028 -0.162869
v 0.087866 -0.085473 0.216303
v -0.282882 0.212235 0.038874
v -0.280847 0.211832 0.030826
v -0.273743 -0.009335 0.027566
v -0.270521 -0.017977 0.047986
v 0.282505 -0.174703 -0.066187
v 0.286561 -0.190545 -0.064794
v 0.106109 0.126152 0.119923
v 0.309140 -0.204404 -0.048845
v 0.239875 -0.158723 -0.117626
v 0.247481 -0.104251 -0.121784
v 0.161011 -0.142419 0.190856
v -0.009168 -0.154899 -0.137195
v 0.056805 -0.077660 0.208643
v -0.259343 0.125074 0.173551
v 0.027096 0.129064 -0.067571
v 0.092033 -0.253702 0.159370
v 0.086209 -0.250888 0.170739
v -0.262722 -0.003024 -0.018121
v -0.257441 0.006552 -0.033586
v -0.082519 -0.182822 0.129359
v 0.268990 -0.144244 -0.092251
v 0.281028 -0.139493 -0.078731
v -0.285742 0.130396 0.000814
v -0.265594 0.160283 -0.028035
v -0.042968 -0.093291 0.145449
v 0.127833 -0.025082 -0.183741
v 0.301378 0.005671 0.072852
v -0.255871 -0.042351 0.054719
v -0.259407 -0.032276 0.063424
v -0.153238 0.337242 -0.266338
v 0.295566 0.008393 -0.057811
v 0.296365 -0.009694 -0.074698
v -0.060770 -0.252638 0.141376
v -0.198364 -0.237101 -0.010151
v -0.006332 -0.009643 0.157439
v -0.002635 -0.066113 0.164714
v 0.135184 0.036476 -0.131386
v 0.159749 0.032635 -0.133492
v 0.167139 0.022544 -0.136882
v 0.205557 0.028578 0.162919
v -0.247577 0.264423 0.052841
v -0.122682 -0.017324 0.158022
v -0.126576 -0.005159 0.159724
v 0.046591 0.043261 -0.137822
v -0.164825 -0.250547 0.069261
v -0.164728 -0.239618 0.070323
v -0.008979 0.355930 -0.111582
v -0.041958 0.355732 -0.083062
v -0.037553 0.362326 -0.077181
v -0.185584 0.274250 -0.259124
v -0.186538 0.263222 -0.251949
v 0.010987 0.110541 0.103236
v 0.031153 0.111086 0.114218
v 0.056009 0.079919 0.142273
v 0.261996 0.078863 -0.059567
v -0.164685 0.318738 -0.170445
v -0.060145 0.129570 -0.083544
v 0.088314 -0.159140 0.196600
v -0.108590 -0.162315 0.054848
v -0.110442 -0.162192 0.073233
v -0.274818 0.184069 0.062628
v 0.053684 0.029876 0.156256
v -0.221860 0.359198 -0.252865
v -0.223662 0.362357 -0.249025
v -0.071021 0.280495 -0.015396
v 0.144675 -0.252046 0.067900
v 0.041101 -0.219506 0.189867
v -0.129517 -0.199269 0.011947
v 0.296269 -0.101608 -0.066716
v 0.299455 -0.078924 -0.061298
v 0.336005 -0.137686 -0.053301
v 0.348881 -0.140467 -0.048136
v 0.200979 -0.211244 0.148849
v 0.227840 -0.202189 0.128745
v -0.164262 0.294513 -0.287919
v -0.158526 0.293264 -0.282785
v 0.155544 0.008861 0.185376
v 0.315908 -0.052855 -0.012522
v 0.257759 -0.093223 -0.114786
v 0.261244 -0.249976 0.011626
v 0.140708 -0.076984 -0.186572
v 0.130485 0.163258 0.058833
v -0.065296 -0.225436 -0.138836
v -0.232286 0.203240 -0.052267
v 0.251776 0.103263 -0.036560
v 0.238925 0.115043 -0.032591
v 0.086191 -0.234263 -0.092280
v 0.075658 -0.235552 -0.052190
v -0.260624 -0.036301 0.001944
v -0.039377 -0.202852 -0.144130
v -0.077009 0.145503 0.049660
v -0.089218 0.160309 0.074152
v -0.211843 0.084740 -0.063026
v -0.219080 0.087007 -0.055671
v 0.102343 -0.020795 -0.192690
v 0.071792 -0.182997 0.184169
v 0.066268 -0.252744 0.149570
v -0.098133 -0.246738 -0.090513
v -0.032822 0.052492 0.135024
v 0.132914 0.052914 0.146520
v 0.116757 0.067554 0.148998
v 0.228339 0.085677 -0.083116
v 0.223066 0.076523 -0.092349
v 0.203474 0.081253 -0.102322
v 0.191196 0.067716 -0.110883
v 0.186663 0.056196 -0.115388
v -0.180555 0.285494 -0.273513
v -0.107282 -0.189519 0.024567
v -0.121475 -0.164449 -0.057629
v -0.159747 0.286635 -0.110356
v -0.279335 0.090241 0.007901
v -0.253902 0.072422 -0.010789
v -0.256810 0.052527 -0.016915
v -0.136277 0.116128 -0.081831
v -0.235096 -0.071236 -0.048909
v -0.235546 -0.073717 -0.038196
v 0.068493 0.340770 -0.154015
v 0.011434 0.345297 -0.091473
v 0.014590 0.327951 -0.087868
v 0.069894 0.312413 -0.111176
v 0.189107 -0.075250 -0.161780
v 0.150966 -0.253584 -0.097935
v 0.134939 -0.256185 -0.127304
v 0.118193 -0.252787 -0.139023
v -0.155789 0.320505 -0.300639
v -0.137256 -0.101675 0.128724
v 0.056105 -0.008574 0.208368
v -0.142876 0.271986 0.008290
v 0.174548 0.129441 0.106323
v 0.180558 0.115480 0.114635
v -0.017086 0.052906 -0.132315
v -0.039047 0.066162 -0.123919
v -0.282799 0.164739 0.007573
v -0.278873 0.161295 -0.005318
v -0.221677 -0.023253 -0.088220
v 0.058358 0.035002 0.152368
v 0.057417 0.050204 0.151180
v -0.202772 0.184984 0.180466
v -0.205290 0.273694 0.026437
v 0.282742 -0.081809 0.113305
v 0.271780 -0.098295 0.125240
v -0.168399 -0.246600 -0.069651
v -0.159524 -0.257437 -0.071428
v -0.171960 -0.256962 -0.067503
v -0.117537 -0.089952 0.137990
v -0.027224 -0.245634 0.180150
v 0.194647 0.103389 -0.094049
v 0.018129 0.294452 -0.051992
v -0.050779 -0.223358 0.147137
v -0.054766 -0.236466 0.146931
v -0.122845 -0.033690 -0.130147
v -0.110992 -0.030583 -0.130429
v -0.235515 0.068190 0.091852
v 0.271050 -0.042220 0.128465
v 0.030730 -0.240579 0.194069
v 0.025702 -0.247546 0.193916
v 0.188519 -0.102903 0.186852
v 0.266755 -0.122329 0.132828
v -0.241065 0.075695 0.098920
v -0.143964 0.096761 -0.095357
v 0.294145 0.052064 0.001964
v 0.285885 0.062939 0.039915
v 0.294819 0.046958 0.025062
v 0.294322 0.034157 0.061556
v -0.127239 0.267427 0.042040
v 0.180425 -0.241139 0.154239
v -0.125872 -0.247240 0.165512
v -0.107679 -0.248515 0.163289
v -0.182814 0.305423 -0.100923
v -0.212968 -0.110617 0.031630
v 0.158151 0.160125 0.061448
v -0.256787 0.200905 -0.025518
v -0.260379 0.182544 -0.027074
v -0.257797 -0.057161 0.033636
v -0.260290 -0.052133 0.023587
v -0.029957 0.259182 -0.061120
v -0.036532 0.262141 -0.070578
v -0.091141 0.102248 0.100983
v -0.095925 0.112463 0.097796
v -0.114705 0.104221 0.111619
v 0.313433 -0.085751 0.053069
v -0.261195 0.215384 0.002840
v 0.220448 -0.176459 0.142562
v -0.070993 -0.240217 -0.150555
v 0.004290 0.096066 0.110026
v 0.018400 0.086474 0.128766
v 0.001118 0.084572 0.120230
v -0.001776 -0.114016 0.133594
v -0.134535 -0.209295 0.023615
v -0.170879 0.094712 0.168383
v -0.021086 -0.200913 0.159570
v -0.048282 0.335540 -0.031193
v -0.055949 0.328341 -0.025892
v 0.072534 -0.236208 0.085041
v 0.051608 -0.237023 0.071313
v -0.242044 0.102176 0.174672
v -0.028692 -0.161666 0.126652
v 0.080354 -0.237293 0.044824
v 0.049499 -0.089660 -0.205172
v 0.037459 0.384304 -0.115455
v 0.025178 0.395881 -0.094551
v -0.126666 0.255296 0.091391
v -0.137378 0.248021 0.110793
v -0.140678 0.237400 0.116751
v -0.093757 0.175410 -0.020388
v -0.204615 0.241901 0.137480
v 0.230264 -0.213968 0.122212
v 0.280396 -0.038746 -0.102620
v -0.251708 -0.026706 0.083106
v -0.093275 0.155911 -0.042103
v 0.248593 0.083324 -0.072746
v -0.148037 -0.076540 -0.113793
v 0.325927 -0.197046 0.079121
v -0.156663 -0.249999 0.047600
v -0.160377 -0.258631 -0.022815
v -0.165068 -0.255128 0.029632
v 0.254824 -0.125402 -0.117105
v 0.173034 0.148113 0.083620
v -0.053133 -0.190742 -0.087643
v 0.009747 0.139907 0.042285
v -0.019624 0.125392 0.070981
v 0.109185 -0.010478 -0.188616
v -0.013197 -0.167183 0.120363
v -0.090989 -0.246494 -0.090973
v -0.092230 -0.249546 -0.095648
v -0.089675 -0.228881 -0.088365
v -0.087324 -0.228418 -0.090376
v -0.116912 -0.253498 0.153484
v 0.139724 -0.215174 -0.143687
v 0.240350 0.122030 0.012695
v 0.236273 0.124068 -0.005987
v 0.248601 -0.203752 -0.065056
v 0.317388 -0.109643 -0.031413
v 0.252039 -0.165329 0.129079
v 0.080227 0.024542 0.184000
v 0.093306 0.028974 0.176428
v -0.015669 0.139334 -0.023137
v 0.117494 -0.239674 -0.100197
v -0.026173 0.268136 -0.034407
v -0.150962 0.291179 -0.179812
v -0.157439 0.310630 -0.181729
v 0.180662 0.010166 -0.141529
v 0.253312 -0.059198 -0.122481
v 0.245586 -0.047520 -0.124282
v -0.166812 0.273460 0.063390
v -0.019805 0.023890 -0.136166
v 0.069766 0.066133 0.149760
v -0.051527 -0.247346 0.010666
v -0.285456 0.140172 0.135776
v -0.168958 -0.225443 0.020003
v -0.184772 -0.251193 0.014717
v -0.198553 0.057988 -0.085118
v -0.024296 -0.073765 -0.163013
v -0.119952 0.147847 -0.060887
v -0.262677 -0.034564 -0.020424
v 0.202751 0.141838 -0.031164
v -0.225592 -0.075786 0.087211
v -0.214451 -0.064033 0.113035
v -0.050113 -0.107385 -0.104310
v -0.034868 -0.119799 -0.100922
v -0.070293 0.341375 -0.059335
v -0.124248 0.085479 0.117975
v -0.221830 0.347478 -0.239771
v -0.201423 0.380488 -0.273000
v -0.219514 0.280587 -0.093170
v -0.107822 0.044160 0.140612
v -0.069456 -0.132924 0.140369
v -0.104339 -0.135960 0.106288
v -0.110909 -0.135118 0.096289
v -0.109317 -0.146705 0.091135
v -0.109156 -0.165428 0.086583
v 0.214459 -0.244318 -0.045897
v 0.205899 -0.252368 -0.043274
v 0.223606 -0.230712 -0.057466
v 0.097263 0.043189 -0.137522
v 0.093967 0.034808 -0.137662
v -0.090854 -0.257946 -0.010477
v -0.096678 -0.255762 -0.003510
v -0.101786 -0.258675 -0.019228
v -0.097554 0.193660 0.035781
v 0.055825 0.107844 0.125843
v 0.044427 0.105142 0.121909
v -0.097878 0.030235 -0.131900
v 0.112443 0.140488 -0.069118
v 0.098458 0.121736 -0.089119
v -0.007935 -0.035814 -0.189768
v 0.104884 -0.237409 0.168468
v -0.116402 -0.160811 0.014445
v 0.156308 -0.253907 0.062423
v 0.205011 -0.072434 -0.153599
v -0.131966 0.030441 -0.121706
v -0.150443 0.044954 -0.116754
v 0.074398 0.321490 -0.134195
v 0.025999 -0.202119 -0.158003
v 0.008743 -0.041561 0.197232
v 0.039269 0.300655 -0.069976
v 0.051035 0.308042 -0.085240
v -0.146565 -0.256165 0.051815
v -0.092748 0.120610 0.088257
v -0.043632 0.137436 -0.065150
v -0.025975 0.122319 -0.072115
v -0.191213 0.266604 -0.241698
v -0.196103 0.257549 -0.225974
v -0.106858 0.252454 0.020248
v -0.111578 0.253328 0.031137
v -0.203705 -0.079098 -0.080202
v -0.191732 -0.086002 -0.085218
v 0.264392 0.024764 -0.094027
v 0.041341 -0.235432 -0.084543
v -0.247780 0.065049 -0.028249
v 0.069062 0.031073 -0.142110
v 0.030767 0.109934 -0.090675
v 0.127270 -0.155362 0.196405
v -0.129223 -0.140053 -0.054379
v -0.133875 -0.142880 -0.046465
v -0.081335 0.018191 -0.131261
v -0.069763 0.011199 -0.134322
v 0.017618 0.039007 -0.140517
v 0.166094 0.067792 0.137245
v -0.106197 0.054433 -0.121094
v -0.102157 0.073454 -0.117991
v 0.138776 -0.139483 0.204952
v -0.199033 0.301165 -0.089025
v -0.184745 0.129040 0.193521
v -0.201460 0.124256 0.196023
v -0.032014 -0.212460 0.162750
v -0.013763 -0.207830 0.179378
v 0.303742 -0.050194 -0.053468
v -0.175871 0.330889 -0.283125
v 0.017850 -0.031827 -0.201398
v -0.067028 0.307011 -0.083936
v -0.065920 0.322488 -0.082245
v -0.166033 -0.216532 -0.051957
v 0.288523 -0.149320 -0.057074
v 0.217190 -0.057654 -0.147443
v 0.040575 0.301298 -0.104707
v 0.042924 0.294157 -0.095003
v 0.206456 -0.253174 0.051652
v -0.012409 -0.040028 0.156078
v -0.225030 -0.073201 -0.063742
v 0.016452 -0.252111 0.187137
v -0.228388 -0.033044 0.118123
v 0.287593 -0.124098 0.104908
v 0.090178 -0.233342 0.121241
v 0.255753 -0.165343 -0.092561
v -0.258783 0.036283 0.072536
v -0.237586 0.014219 0.106937
v -0.208182 0.272490 -0.132891
v 0.089776 0.076389 0.147547
v -0.038570 0.024484 0.148942
v -0.178031 0.165356 0.168302
v -0.186874 0.008850 0.146150
v -0.287698 0.107786 0.068103
v -0.227721 -0.100710 0.026011
v 0.083748 0.124605 0.117912
v -0.105526 -0.082730 0.146770
v -0.069365 0.277944 -0.078319
v 0.033887 0.004114 0.191870
v -0.268320 0.191795 0.004481
v 0.263939 0.095063 -0.017362
v 0.360263 -0.187980 0.008227
v 0.363985 -0.176404 -0.008245
v -0.137258 -0.199059 0.136651
v -0.207758 0.263088 -0.122947
v -0.221963 0.334678 -0.190278
v -0.016532 0.104534 -0.096029
v 0.133484 0.021902 0.181884
v 0.196367 0.149567 0.040498
v -0.218236 0.262589 -0.078813
v -0.217928 0.256627 -0.067852
v -0.020257 -0.196167 -0.141531
v 0.199899 -0.047246 0.185586
v 0.193734 -0.023431 0.177953
v 0.179397 -0.028284 0.188692
v -0.255978 -0.004170 0.084723
v -0.027398 -0.254854 -0.124986
v -0.158747 0.178815 0.130448
v -0.152663 0.158902 0.137975
v -0.146378 0.149886 0.140564
v -0.197241 0.245600 -0.210085
v -0.065484 -0.010377 0.147575
v 0.066002 0.148278 -0.047941
v -0.117934 0.244058 -0.047524
v -0.119413 0.233428 -0.043746
v -0.109908 0.215333 -0.036431
v 0.302044 -0.092326 -0.053090
v 0.039550 0.405622 -0.134499
v -0.195219 -0.100009 -0.063787
v -0.212403 -0.098405 -0.040200
v -0.066390 -0.201366 0.139097
v 0.015388 0.325889 -0.119207
v -0.249170 0.071641 0.072944
v 0.221851 -0.156906 0.153593
v 0.203812 -0.109599 -0.160015
v 0.068503 0.008359 0.200522
v -0.224313 0.354689 -0.230885
v -0.008394 0.000321 -0.147139
v 0.005419 0.009119 -0.146804
v -0.184314 -0.257391 -0.009302
v 0.028725 0.319302 -0.088218
v -0.129615 0.108627 0.129560
v 0.015002 -0.235719 -0.101963
v 0.016396 -0.241119 -0.116594
v 0.029691 -0.250763 -0.120014
v -0.187066 0.214878 -0.085784
v -0.189913 0.220491 -0.102250
v -0.163751 0.215776 -0.077560
v -0.150363 0.234110 -0.053074
v -0.154926 0.242647 -0.057031
v -0.158556 0.226618 -0.091903
v 0.330822 -0.162718 -0.058323
v -0.253320 0.250896 0.091821
v -0.048486 -0.091111 -0.112269
v 0.215362 -0.255128 -0.001129
v -0.119165 -0.014273 -0.133997
v -0.072908 0.135639 0.060809
v -0.074414 0.140862 0.052158
v -0.198445 0.237039 -0.163228
v 0.159915 -0.203261 -0.147677
v 0.158981 -0.190805 -0.158347
v 0.153928 -0.114645 0.201091
v 0.127649 -0.218251 0.161707
v 0.051663 0.300305 -0.080044
v -0.100252 0.026955 0.151894
v -0.113720 0.031689 0.146300
v -0.115452 0.007009 0.152773
v 0.215472 0.119053 -0.060050
v 0.283405 0.064464 -0.025811
v 0.292243 0.045126 -0.035977
v 0.282232 0.050975 -0.044043
v 0.299662 0.027279 -0.035849
v -0.154497 -0.224829 0.030301
v -0.018071 0.358021 -0.053358
v 0.079919 -0.248824 -0.110408
v 0.076687 -0.254243 -0.115934
v 0.054177 -0.250019 -0.115527
v 0.243206 0.031654 0.137967
v -0.064666 -0.256461 -0.077516
v -0.072976 0.087392 0.115455
v -0.095667 0.187345 -0.008827
v -0.101001 0.212963 -0.023078
v 0.016380 0.012212 0.159837
v 0.314002 -0.163793 0.103477
v 0.324779 -0.160300 0.099109
v 0.085198 0.000954 0.205689
v 0.336568 -0.199473 0.064153
v 0.315315 -0.208592 0.073986
v 0.071800 -0.173082 -0.182610
v 0.112809 -0.141820 -0.182482
v 0.242706 -0.037274 0.151115
v 0.224076 -0.038005 0.169547
v -0.069941 0.060035 -0.124581
v 0.032714 -0.251031 0.186497
v 0.061096 0.041613 -0.141183
v -0.105842 0.201801 -0.029466
v -0.113737 0.171651 -0.055120
v -0.080068 -0.110689 -0.104872
v -0.095926 -0.090650 -0.104439
v -0.151378 0.267694 -0.136404
v -0.150768 0.279836 -0.155406
v 0.232399 -0.197765 -0.108074
v 0.213208 -0.210767 -0.106604
v -0.153593 0.265278 -0.170653
v -0.281077 0.228544 0.068694
v -0.280176 0.236283 0.066735
v -0.032676 -0.188165 -0.095214
v 0.077716 -0.114894 -0.191302
v 0.092763 -0.116486 -0.188763
v 0.092357 -0.104463 -0.192930
v 0.083043 -0.093370 -0.195318
v -0.212777 0.249336 -0.072818
v -0.209123 0.259513 -0.109011
v -0.178707 0.254325 -0.234105
v -0.172563 0.257440 -0.235282
v 0.111470 0.029491 -0.139831
v 0.285046 -0.234916 -0.023270
v 0.114510 -0.252164 0.005229
v 0.128771 -0.256083 0.018260
v 0.118549 -0.253587 0.029241
v -0.032944 0.146978 -0.018479
v -0.266650 -0.028867 -0.013126
v -0.184590 -0.257429 -0.046557
v -0.079491 0.164636 0.005809
v -0.029987 -0.041413 -0.147746
v -0.001078 0.038263 0.150011
v 0.012323 -0.197734 0.184151
v 0.105607 -0.090967 0.215520
v 0.148334 -0.254576 0.050190
v 0.212960 -0.215215 -0.098910
v 0.074273 0.069227 -0.132472
v -0.091582 -0.257832 -0.032315
v 0.127384 -0.104871 0.205072
v -0.224891 0.271312 0.041979
v 0.176228 -0.102368 0.192953
v 0.206589 -0.108841 0.173503
v 0.210733 0.117114 0.102362
v -0.061912 0.140252 -0.070103
v -0.043124 0.142884 -0.051830
v -0.095869 -0.170198 0.116064
v 0.007925 -0.245859 -0.162789
v -0.170589 0.072656 -0.093206
v 0.099690 -0.235062 -0.043150
v -0.270470 0.187052 0.076892
v 0.116290 -0.237153 0.059216
v 0.194635 -0.251382 -0.081166
v -0.156674 -0.081469 0.138729
v -0.208365 0.246024 -0.163044
v 0.191056 -0.207304 -0.138167
v 0.120805 -0.187884 -0.169323
v 0.108772 -0.194635 -0.167527
v -0.152493 0.257053 -0.035968
v -0.224315 0.260489 0.098769
v 0.148486 0.157809 -0.039336
v 0.202103 -0.082754 0.185264
v 0.212179 -0.097874 0.174184
v 0.211431 -0.119267 0.164642
v -0.098306 -0.202558 -0.077330
v 0.209264 -0.019130 -0.144502
v -0.213267 0.119857 0.193137
v 0.332659 -0.114508 0.082541
v 0.099517 0.105220 -0.103732
v 0.032269 -0.128706 0.180541
v -0.058745 -0.247968 0.148696
v -0.156226 0.187181 0.122637
v 0.231038 0.104396 -0.062456
v 0.102466 -0.105101 0.209231
v -0.235495 0.002780 -0.074500
v 0.117888 -0.188072 0.188115
v 0.311184 -0.023299 0.052488
v 0.309394 -0.030974 0.065259
v 0.144474 0.103580 0.130298
v 0.301619 -0.183591 0.104294
v 0.187137 0.084641 -0.106987
v 0.049942 -0.236763 -0.042495
v -0.203214 0.169599 -0.070623
v 0.064794 0.367663 -0.139233
v -0.024362 0.067798 -0.118679
v -0.151950 0.266103 -0.119470
v -0.226368 0.316788 -0.191090
v -0.207595 0.294183 -0.175314
v 0.031730 0.406744 -0.121179
v 0.006710 0.390067 -0.082621
v -0.181721 -0.119040 0.078370
v -0.272263 0.000626 0.053008
v -0.270707 0.013882 0.047472
v 0.137264 -0.124896 -0.179650
v 0.132348 -0.235869 -0.089312
v 0.065325 -0.236909 -0.009707
v 0.029468 -0.181892 0.163216
v -0.118456 -0.139888 0.080325
v 0.016470 0.014529 -0.145040
v 0.021507 0.022691 -0.142323
v 0.070227 0.125771 -0.082632
v -0.159879 -0.237936 0.146528
v -0.172712 0.130575 0.185195
v 0.256604 -0.085393 0.139073
v -0.242147 -0.074206 0.013835
v -0.130292 0.156375 0.127878
v 0.009351 -0.063364 0.192934
v 0.333258 -0.208100 -0.015507
v 0.125010 -0.039762 -0.188222
v -0.191296 -0.256627 -0.017722
v -0.195902 -0.253956 -0.021515
v -0.260141 0.244706 -0.001653
v -0.093818 -0.125386 0.121404
v -0.088752 -0.110440 0.133892
v -0.012048 -0.005641 0.154061
v 0.141055 -0.235060 -0.069567
v -0.075716 0.048425 0.143285
v -0.130087 0.079452 -0.111064
v 0.069366 -0.239470 -0.106979
v 0.038491 -0.240374 -0.112317
v -0.115877 0.290577 -0.005683
v -0.105934 0.278690 0.005781
v 0.245569 -0.250201 -0.015047
v -0.181896 0.084795 0.166338
v -0.287467 0.113236 0.110926
v -0.190764 -0.030334 0.143964
v -0.049859 -0.258547 -0.145127
v -0.043390 -0.256717 -0.120263
v -0.208999 0.084984 0.175510
v -0.081781 0.161812 0.053537
v 0.131518 0.080788 -0.125218
v -0.295471 0.130965 0.048888
v 0.260433 -0.024605 0.145132
v -0.021366 0.115468 0.087560
v -0.052521 0.129205 0.080141
v -0.147390 0.086929 0.120213
v 0.153049 0.008379 -0.160265
v 0.152018 0.020312 -0.141202
v 0.124779 0.167152 0.031818
v 0.158377 -0.247869 0.157946
v -0.124459 -0.191463 0.009819
v -0.167272 -0.204224 -0.014634
v -0.055864 0.275216 -0.012409
v -0.081732 0.273110 -0.005230
v -0.085504 0.284205 -0.002099
v -0.078638 -0.215921 0.150758
v -0.074268 -0.198635 0.137765
v 0.272458 -0.078399 -0.093850
v 0.274537 -0.067063 -0.095828
v 0.282472 -0.075265 -0.085308
v -0.278259 0.141980 -0.011234
v 0.033190 -0.099528 -0.202672
v -0.262992 0.120090 -0.041808
v 0.021247 -0.088670 0.187924
v -0.111584 0.222731 0.041600
v -0.104553 0.222817 0.022417
v 0.377341 -0.107244 0.027746
v -0.170474 0.059927 0.131156
v -0.192714 0.024754 0.139194
v -0.199898 0.352204 -0.209614
v -0.008290 0.296869 -0.100692
v -0.054564 0.064170 -0.123144
v -0.086302 0.076190 -0.114021
v -0.077023 0.082820 -0.109346
v 0.367704 -0.138819 0.065381
v 0.031209 0.093158 -0.113026
v 0.039227 0.087024 -0.118747
v 0.246851 -0.134544 0.142095
v 0.260209 -0.140001 0.134642
v -0.260806 -0.038748 0.015467
v -0.145131 0.233138 0.122416
v 0.235406 -0.225889 -0.056441
v 0.165959 -0.250726 0.104696
v 0.003534 -0.237593 -0.051298
v -0.176017 0.274098 0.042660
v -0.196424 0.274199 0.051351
v -0.155821 0.272918 0.023790
v 0.098892 -0.038666 -0.200407
v 0.071706 -0.023815 -0.198281
v 0.315160 -0.063030 0.050501
v 0.178129 0.043801 0.162756
v 0.184378 0.036495 0.165977
v 0.192394 0.047688 0.156185
v 0.163193 -0.247816 0.091179
v 0.152368 -0.237963 0.090004
v 0.022060 0.279710 -0.070600
v 0.188666 -0.157639 -0.160667
v 0.195936 -0.168091 -0.157796
v -0.105871 -0.253835 0.150193
v -0.266167 0.198816 0.006367
v -0.029147 0.057559 -0.124957
v 0.261380 0.094439 -0.032992
v 0.252745 0.108105 -0.014664
v 0.195960 -0.006289 0.170440
v 0.210435 -0.001632 -0.137042
v 0.212050 0.014243 -0.131550
v -0.116437 -0.029894 0.160089
v 0.171552 0.089997 0.128444
v -0.162325 0.209635 -0.069568
v -0.117298 -0.212774 0.050930
v -0.108395 -0.205116 0.040775
v -0.017375 -0.163659 -0.105039
v -0.176440 0.041059 -0.104121
v -0.056031 0.019345 -0.132558
v 0.073814 -0.235831 -0.101277
v -0.123231 -0.205310 -0.065347
v 0.235589 0.066432 0.124814
v -0.018882 -0.014911 -0.145433
v 0.092445 0.082980 -0.125867
v 0.234217 -0.128886 0.153531
v -0.207193 -0.103586 0.076595
v 0.223041 0.134206 0.045907
v 0.313111 -0.009807 -0.016018
v 0.238322 -0.119336 -0.125416
v 0.228405 -0.145608 -0.138377
v 0.303854 0.023412 0.033131
v 0.252617 -0.039368 0.147420
v -0.090216 0.236892 -0.049894
v 0.037744 -0.018676 -0.200742
v -0.172375 0.069209 0.127312
v -0.174134 0.076098 0.127674
v 0.001884 -0.223730 0.196891
v -0.022933 0.110095 -0.089218
v -0.021586 0.117808 -0.077010
v -0.030065 -0.095458 -0.126605
v 0.255231 -0.202315 0.097492
v -0.207244 0.072336 0.148675
v -0.192641 0.329805 -0.251367
v -0.190201 0.312671 -0.245516
v 0.175139 -0.097740 -0.173028
v 0.191957 -0.103510 -0.164297
v 0.195149 -0.091951 -0.162797
v 0.037732 0.074001 -0.124435
v 0.120795 -0.247504 0.164787
v -0.271057 0.203214 0.121684
v 0.005345 -0.234135 0.128066
v -0.161678 -0.246882 0.145926
v 0.167690 -0.006956 0.193317
v 0.070138 0.105074 0.130736
v 0.096544 -0.170008 0.197142
v -0.116955 -0.074346 -0.118596
v 0.335329 -0.095793 -0.018204
v -0.206193 -0.032649 -0.103012
v -0.191686 -0.010872 -0.107571
v -0.002481 -0.157293 -0.151767
v -0.068530 0.072361 0.128292
v 0.254777 0.050038 0.114828
v -0.177394 0.235941 0.138998
v -0.169978 0.255940 0.118523
v 0.277703 -0.072352 0.122819
v 0.185306 -0.245839 0.150932
v -0.256726 -0.003772 -0.029755
v 0.116683 -0.239262 -0.028729
v 0.224681 -0.079044 0.167588
v 0.214871 -0.071896 0.177416
v -0.223310 0.293514 -0.147573
v -0.249804 0.074661 0.127391
v -0.228003 0.078150 0.159437
v -0.123216 0.208827 0.090833
v 0.277169 -0.159969 0.101448
v 0.102101 -0.051187 0.212456
v -0.198776 -0.123941 0.019854
v -0.257857 -0.043232 -0.007875
v 0.134721 -0.054482 -0.184830
v -0.064323 -0.212743 -0.133346
v 0.375042 -0.132367 -0.010297
v 0.017554 0.116139 -0.085702
v 0.193052 -0.066992 0.193045
v -0.198193 -0.059559 -0.099022
v -0.224951 -0.061402 -0.068912
v 0.330849 -0.209610 0.052903
v -0.209756 0.364755 -0.233389
v -0.038756 0.273494 -0.082376
v -0.209076 0.287296 -0.158855
v 0.148232 -0.241213 -0.086677
v -0.060614 0.315772 -0.020422
v -0.050170 0.303316 -0.036403
v 0.171748 -0.252849 0.087202
v 0.353839 -0.138327 0.083315
v -0.233535 0.232771 0.137705
v -0.215097 0.256236 0.113175
v -0.055255 -0.085740 0.145383
v -0.125604 0.221187 0.097287
v -0.243035 -0.016871 -0.063930
v 0.183906 0.122167 -0.080947
v -0.087227 -0.258260 -0.065325
v -0.156778 0.202684 0.123245
v 0.077099 -0.035136 0.212701
v 0.094674 0.138988 0.103705
v 0.127105 -0.147626 -0.178219
v -0.042327 -0.193330 0.133325
v -0.194410 -0.235958 -0.020460
v -0.188085 -0.220786 -0.006170
v 0.152934 -0.075091 -0.183349
v 0.152200 -0.095288 -0.180025
v -0.235215 0.084941 0.162226
v -0.252579 0.142030 -0.051398
v -0.100278 -0.171875 0.033515
v -0.093595 -0.221705 0.155523
v 0.199123 -0.192404 0.145910
v -0.009576 -0.252161 0.183350
v -0.271537 0.252324 0.021988
v 0.089661 -0.246603 0.174530
v 0.164657 -0.181776 0.179760
v -0.241247 0.237561 -0.026850
v -0.244790 -0.037770 0.094296
v 0.074665 0.370115 -0.160419
v 0.356212 -0.180503 -0.022937
v 0.069661 -0.089465 -0.200377
v -0.083962 -0.002993 -0.131064
v -0.048095 0.125616 -0.082323
v -0.035247 0.098725 -0.100520
v 0.126990 -0.222706 -0.142175
v 0.104012 -0.211420 0.165381
v 0.127056 -0.212286 0.162155
v -0.113288 -0.215270 0.159692
v -0.131844 -0.208425 0.153614
v -0.117392 -0.131867 0.096262
v 0.351586 -0.126623 -0.038208
v 0.369229 -0.107497 -0.012430
v 0.366778 -0.098294 -0.005942
v 0.276293 0.078294 0.039141
v -0.211032 0.252774 -0.089107
v -0.214371 0.246167 -0.081255
v -0.211875 0.256919 -0.094903
v 0.371237 -0.107332 0.050385
v -0.038347 0.141573 0.051722
v -0.130967 -0.254996 -0.085382
v -0.143490 -0.251874 -0.080241
v 0.096113 -0.237022 0.004615
v -0.088072 0.044427 -0.128426
v -0.130934 -0.255602 0.081490
v -0.276477 0.156739 0.142611
v 0.227859 -0.162882 -0.129103
v 0.184636 0.020068 -0.136679
v -0.180539 -0.134055 0.050808
v 0.165435 -0.084604 0.199295
v 0.058259 -0.161096 -0.184793
v 0.305953 0.003824 0.060318
v -0.159672 0.370171 -0.285156
v 0.293038 -0.112049 0.092055
v 0.223415 -0.253002 0.023213
v -0.254661 0.169998 0.173266
v -0.163943 0.264394 -0.210754
v 0.165832 -0.241321 -0.135671
v 0.094216 -0.052515 -0.199380
v 0.267694 0.078274 0.078084
v -0.055076 -0.000442 -0.138062
v 0.060751 0.391415 -0.159173
v -0.039266 -0.065231 -0.121491
v -0.039740 -0.053862 -0.132729
v -0.100936 -0.217219 -0.082454
v -0.126553 -0.226237 -0.077638
v -0.269624 0.084576 0.110744
v -0.280461 0.096592 0.105308
v 0.068829 0.355765 -0.163115
v 0.039205 0.343633 -0.136031
v 0.050640 0.066792 -0.125988
v 0.261125 0.100364 0.009389
v -0.052048 0.148659 -0.040844
v -0.162911 -0.047354 0.153725
v -0.177484 0.200067 -0.071089
v 0.154497 0.165947 0.011509
v -0.027699 -0.143399 -0.091591
v 0.137456 -0.041180 0.210068
v 0.156661 0.077193 -0.121009
v 0.040494 -0.076240 -0.205903
v 0.018835 -0.095196 -0.202226
v 0.059327 -0.108464 0.196974
v -0.178003 -0.053152 0.144914
v -0.012640 0.336107 -0.071647
v -0.017523 0.322099 -0.065981
v 0.088979 -0.040976 0.209648
v 0.068208 -0.066835 0.213176
v -0.085247 -0.258519 -0.017734
v -0.241340 0.076658 0.148708
v -0.055599 -0.043202 0.152365
v -0.144303 0.024601 -0.118484
v 0.102699 -0.149480 0.196238
v -0.103730 -0.168091 0.103806
v -0.007440 -0.235911 -0.109317
v -0.261271 0.077051 -0.001387
v 0.192572 -0.242925 -0.111373
v -0.115456 0.258968 -0.050803
v -0.158004 0.256702 -0.073226
v 0.214229 0.107925 -0.077107
v -0.242592 -0.057959 0.085708
v -0.231827 -0.053241 0.104892
v -0.123256 -0.106382 -0.095736
v 0.066054 -0.021996 0.208270
v 0.109434 -0.256647 -0.131997
v -0.145038 0.019005 0.150291
v 0.211795 0.066174 -0.103133
v -0.141335 -0.205324 -0.051594
v -0.003464 0.336703 -0.117070
v -0.146324 -0.002529 0.159409
v -0.153719 -0.018704 0.160188
v -0.141289 -0.014027 0.158659
v 0.217996 0.134547 -0.021427
v 0.127846 0.076648 0.147130
v 0.043223 0.295199 -0.070963
v -0.240753 0.200721 -0.038337
v -0.101552 0.010863 0.156426
v 0.140281 0.145963 -0.065114
v 0.153545 0.148624 -0.056840
v -0.161169 0.255922 -0.050689
v -0.107253 0.242844 0.027617
v -0.097570 -0.245906 0.162774
v -0.097260 -0.252162 0.155938
v -0.084890 0.173192 0.029567
v -0.154108 -0.034641 -0.120163
v 0.006266 -0.088135 0.161699
v 0.287352 0.018179 0.092398
v -0.043239 -0.192703 -0.095128
v 0.261503 -0.203453 0.094905
v 0.174071 0.138287 0.097155
v 0.076778 0.150296 0.081500
v -0.035129 0.005670 -0.139526
v 0.256861 0.104507 0.038516
v -0.109984 0.305162 -0.042776
v -0.275517 0.251662 0.041489
v 0.285428 -0.145053 -0.060711
v -0.153142 -0.211767 0.138382
v -0.274508 0.177805 -0.008694
v 0.028666 -0.108850 0.188810
v -0.043505 0.346388 -0.040038
v 0.148061 0.027964 -0.132847
v 0.247692 -0.185624 -0.087161
v 0.205906 0.050394 0.147949
v -0.039701 -0.184302 -0.083705
v -0.033582 -0.175962 -0.080718
v 0.155058 0.069601 0.137122
v -0.175371 -0.257572 -0.063398
v -0.025598 0.013249 0.156740
v 0.020836 0.039276 0.153887
v 0.082338 -0.203159 -0.165873
v -0.035516 -0.257342 0.015954
v -0.075582 -0.072583 -0.117595
v 0.010836 -0.175909 0.142664
v -0.241491 0.156480 0.188478
v 0.093638 -0.205088 -0.163299
v -0.007917 -0.111585 -0.167766
v -0.163565 0.135446 0.170851
v 0.147123 -0.049137 -0.182637
v -0.288171 0.164846 0.046934
v 0.017731 -0.130950 0.155674
v -0.124479 -0.258042 0.046259
v 0.317591 -0.073267 0.014764
v -0.161612 -0.144479 0.038062
v -0.212219 0.068534 -0.072077
v 0.039472 -0.042843 0.213494
v -0.289520 0.143638 0.077593
v -0.137212 -0.194355 -0.006767
v 0.343378 -0.188433 -0.033764
v -0.087718 0.151446 -0.050447
v -0.013042 0.140150 -0.012758
v -0.232777 -0.061904 0.096128
v -0.067258 -0.256880 0.082300
v 0.380313 -0.131155 0.008435
v 0.018085 -0.009641 -0.191812
v 0.157156 0.135411 -0.073882
v -0.167469 0.179505 -0.072188
v 0.264147 -0.111834 -0.108484
v 0.198127 0.074881 0.131364
v -0.090946 0.136394 0.089007
v 0.029972 -0.236683 -0.057649
v -0.053913 0.106472 0.100561
v 0.076580 -0.133272 0.205935
v 0.147024 -0.161008 0.192195
v 0.254236 0.031640 0.125832
v -0.228266 0.333784 -0.213239
v -0.160459 0.257407 -0.184642
v -0.029802 -0.156754 -0.084435
v -0.026660 -0.173242 -0.081376
v -0.160139 -0.073559 -0.113545
v -0.200242 0.058736 0.125109
v -0.040093 -0.133112 0.140645
v -0.197900 -0.242944 -0.001585
v -0.194150 -0.251984 0.002462
v -0.178831 -0.026422 0.152573
v 0.211095 0.142652 0.031174
v -0.075085 0.158975 0.020666
v 0.305637 -0.013905 0.067734
v 0.086388 -0.010037 0.210026
v -0.220596 0.365506 -0.243217
v -0.255156 0.036338 -0.033290
v -0.250380 0.041683 -0.039216
v 0.132407 0.160659 -0.035712
v -0.105937 0.264246 -0.057046
v -0.185501 0.325512 -0.262490
v -0.184136 0.301232 -0.260042
v -0.024492 -0.029133 -0.149757
v -0.036412 -0.032603 -0.142321
v 0.224386 -0.024704 -0.139582
v -0.167127 0.108606 0.176865
v -0.157277 0.320412 -0.222863
v -0.154957 0.298114 -0.229108
v -0.197584 0.217008 -0.079228
v -0.196298 0.110191 0.194620
v -0.101716 0.112879 -0.096497
v 0.034303 0.407977 -0.115385
v 0.090975 0.158424 -0.031912
v -0.224575 0.200281 -0.058995
v 0.074640 0.331181 -0.146064
v 0.078047 0.341360 -0.151645
v 0.077801 0.334084 -0.140036
v -0.275879 0.096898 0.076053
v -0.211090 0.094520 -0.062222
v -0.011807 0.141524 0.013907
v -0.027001 0.004436 0.155936
v 0.083228 0.100121 -0.106826
v 0.178602 -0.127159 -0.166501
v -0.193682 0.213511 0.162011
v -0.049893 -0.253070 0.144385
v 0.107208 0.053571 0.154597
v 0.002379 -0.003185 -0.172998
v 0.293676 -0.028445 -0.081830
v 0.035987 -0.147183 0.181525
v -0.171849 0.262773 -0.246521
v -0.191998 0.132406 -0.074601
v -0.063125 -0.025713 -0.129965
v 0.192346 0.039710 -0.131426
v 0.199309 0.031107 -0.133725
v -0.127978 0.095350 0.119208
v 0.290675 -0.141929 0.093283
v -0.115100 -0.194322 -0.065715
v -0.113949 -0.175740 -0.064671
v 0.074929 -0.148414 -0.184716
v 0.010023 0.359024 -0.123991
v -0.170048 -0.252152 0.113221
v -0.007916 0.075038 -0.116585
v 0.011575 -0.150818 0.144699
v 0.362991 -0.090427 0.011337
v 0.056709 0.298788 -0.089941
v 0.210963 -0.044129 0.180813
v -0.234308 0.108792 0.174848
v 0.128978 0.117572 -0.096856
v -0.019148 0.130709 -0.055195
v 0.042836 -0.117056 -0.201239
v 0.320105 -0.093104 -0.015122
v 0.160750 0.096171 -0.109294
v -0.028832 0.141626 -0.036308
v 0.119611 -0.115357 0.207268
v -0.195503 0.250924 -0.223625
v -0.079547 -0.062113 0.145847
v -0.013496 -0.168748 -0.127953
v -0.171458 0.307710 -0.120892
v -0.162069 0.303274 -0.134640
v -0.148632 0.326219 -0.299004
v -0.150278 0.328551 -0.282257
v -0.268708 -0.016493 -0.009172
v 0.313482 -0.005272 -0.003257
v 0.202114 -0.060579 0.186413
v -0.035736 0.345104 -0.039204
v -0.026533 0.357643 -0.049411
v 0.067261 0.159930 0.018219
v -0.147230 -0.052819 0.150369
v -0.046233 -0.066296 -0.120595
v 0.087706 -0.231390 -0.149190
v -0.169264 -0.071294 0.138219
v -0.162294 -0.225711 0.078857
v -0.195034 -0.238235 -0.034006
v 0.043497 0.116095 0.114701
v -0.224704 0.098453 -0.058238
v -0.075481 0.318319 -0.019236
v -0.079570 0.299045 -0.010118
v -0.060239 -0.180621 -0.084470
v -0.226274 -0.013434 -0.080441
v -0.005123 0.102702 -0.098220
v 0.071178 -0.080650 0.209344
v 0.155081 -0.034920 0.204910
v 0.285507 -0.226628 0.070110
v 0.021784 0.399291 -0.116468
v 0.294507 -0.205648 0.094404
v 0.198311 0.014772 0.167545
v -0.043612 0.307961 -0.097884
v -0.090307 -0.175092 0.123439
v -0.185170 -0.223524 -0.035780
v 0.040140 0.076048 0.140046
v -0.259479 0.061125 0.038230
v -0.101847 -0.108824 -0.095664
v 0.006319 0.375879 -0.076170
v -0.128329 0.033277 0.149827
v -0.120052 0.017629 0.150726
v 0.335344 -0.142981 0.094457
v -0.289838 0.104653 0.048393
v -0.026181 -0.023573 -0.146468
v -0.176831 -0.240490 0.023803
v 0.061546 0.101996 -0.105902
v -0.142738 0.265253 0.088823
v 0.157011 -0.251050 -0.087657
v 0.109669 -0.158181 -0.177207
v -0.199556 0.343960 -0.190353
v 0.001700 0.084244 -0.110417
v -0.042032 -0.042121 0.152820
v -0.117499 -0.140137 -0.073433
v 0.185641 -0.010020 0.184449
v -0.068093 -0.095563 -0.113690
v -0.159633 0.036467 -0.115102
v -0.195821 -0.079839 0.120893
v -0.166963 -0.142950 -0.001463
v 0.108481 0.118570 -0.091666
v -0.253801 0.239237 0.110615
v 0.057493 -0.067766 -0.203076
v -0.237590 0.099974 -0.049878
v -0.254176 -0.055270 0.050308
v -0.166586 0.222108 -0.098215
v -0.236268 0.171313 -0.053386
v -0.135480 -0.040584 -0.128849
v -0.120775 -0.052780 -0.129625
v 0.096731 -0.072004 0.217839
v 0.114765 -0.069585 0.216471
v -0.196826 -0.115663 0.062138
v -0.003780 0.117482 0.085732
v 0.125243 -0.091095 -0.187873
v 0.151591 -0.255929 -0.029901
v -0.009411 -0.235523 0.195895
v -0.022279 -0.221754 0.183048
v 0.143016 -0.073823 0.207928
v -0.009611 -0.183048 -0.134267
v 0.241567 -0.239313 0.071339
v 0.126648 0.004833 0.200245
v 0.030621 0.356120 -0.136304
v 0.280568 0.049471 0.084094
v 0.114639 0.076216 -0.124151
v -0.018253 -0.066670 0.140993
v -0.083169 -0.216912 -0.086797
v 0.091477 0.011386 -0.178174
v -0.185284 0.116803 0.193487
v 0.323432 -0.091790 0.046506
v -0.155298 0.194671 0.118486
v -0.090507 -0.005336 0.152641
v 0.168677 -0.138579 0.185374
v 0.102447 -0.235265 -0.097517
v -0.253347 0.082012 0.154052
v -0.137399 0.205330 -0.057682
v -0.151340 0.199136 -0.065454
v -0.131706 -0.153286 -0.034907
v -0.131483 -0.148272 -0.041123
v -0.134997 0.013327 -0.128097
v -0.201340 -0.119102 -0.021512
v 0.246311 -0.113374 0.144419
v 0.282304 0.000109 0.111724
v 0.271048 -0.014629 0.131602
v 0.100692 0.035231 0.153887
v 0.030977 -0.174365 -0.172277
v 0.133308 -0.255501 -0.112342
v 0.126640 -0.253853 0.045149
v 0.273760 -0.123814 0.124767
v 0.051873 0.028862 -0.139736
v -0.095041 0.044059 0.139934
v -0.024292 -0.159017 -0.088281
v 0.300390 -0.035285 -0.066147
v -0.013044 -0.149541 0.123167
v 0.066187 0.013876 -0.175155
v -0.254935 0.152906 0.178131
v -0.158703 0.216526 -0.070210
v 0.003428 0.384423 -0.074693
v -0.055460 -0.214975 0.142381
v -0.028120 -0.256081 0.064994
v -0.167841 -0.228928 0.091626
v -0.165748 -0.217314 0.112120
v 0.275923 -0.170868 -0.065052
v 0.035855 -0.053044 -0.206306
v -0.222252 0.133024 0.188917
v -0.071612 -0.018387 0.147432
v 0.121528 0.109470 0.132092
v -0.174464 -0.258743 -0.030951
v 0.084881 -0.177448 0.190280
v -0.162895 0.021954 -0.111640
v 0.263858 0.068618 0.091743
v -0.253737 0.081758 0.086831
v 0.219889 -0.021966 0.171707
v 0.286020 0.056432 0.059640
v -0.027054 -0.111403 -0.118219
v 0.237409 -0.160141 0.140926
v -0.213321 0.268379 -0.013443
v -0.164691 0.173939 0.140923
v 0.162326 -0.252886 0.147997
v 0.187620 0.127125 0.098290
v -0.031898 -0.076600 -0.144322
v 0.242959 0.114973 0.065124
v -0.208796 -0.085342 -0.071585
v 0.300488 -0.130047 0.085651
v -0.142733 -0.207200 0.147497
v 0.006924 -0.124671 0.142623
v 0.168499 -0.213604 -0.144817
v -0.202875 0.236700 -0.124132
v 0.212848 -0.064045 -0.150922
v 0.028034 0.148949 0.030084
v -0.227503 0.323586 -0.188533
v -0.226882 0.312432 -0.176728
v -0.247089 -0.055146 0.076163
v 0.052891 0.401423 -0.144354
v 0.239142 -0.190105 -0.108107
v -0.096019 0.092351 0.111575
v -0.106599 0.103352 0.106061
v -0.269999 0.013916 -0.002932
v 0.053331 -0.200930 -0.165288
v 0.284868 0.011525 -0.072044
v 0.028219 0.121343 0.100455
v -0.256692 0.068541 0.000071
v -0.261218 -0.034713 0.025963
v 0.181072 -0.114026 -0.167199
v 0.040778 0.373819 -0.117755
v -0.051745 -0.248625 0.149589
v -0.040698 -0.241538 0.163723
v 0.124530 -0.252350 0.157689
v 0.277375 0.036067 0.096291
v 0.290946 -0.008009 0.096848
v -0.174681 -0.241656 0.100802
v 0.019548 -0.028821 0.202879
v -0.122899 -0.254294 0.115592
v -0.093641 0.110001 0.096151
v -0.161007 -0.014373 0.158654
v 0.018111 -0.242719 0.197563
v -0.008568 0.028198 0.150623
v -0.114113 0.213450 0.071270
v 0.157185 -0.001832 -0.167429
v -0.162942 0.375464 -0.289368
v 0.246478 -0.010728 -0.122153
v 0.060779 -0.253317 0.166009
v 0.045213 -0.002238 0.203012
v -0.262942 0.190483 -0.018038
v -0.076145 -0.253530 0.141753
v -0.075394 -0.093023 -0.113852
v -0.136063 -0.228449 0.164468
v -0.142350 -0.219308 0.154842
v -0.177431 0.258118 -0.244962
v -0.085592 0.054840 0.139755
v 0.183856 -0.014341 -0.159510
v 0.221398 -0.041018 -0.145306
v -0.099342 0.207215 0.019340
v 0.362328 -0.089371 0.031775
v 0.349775 -0.084801 0.036143
v -0.127362 0.197217 0.099517
v 0.138765 0.014207 0.189347
v 0.017919 -0.220215 0.197200
v -0.249934 0.040716 0.083616
v 0.164676 0.126216 -0.087004
v 0.062668 -0.237982 0.043802
v 0.074051 -0.221025 -0.149492
v -0.071629 0.041021 -0.129456
v -0.108153 -0.170128 0.060775
v 0.133325 -0.249949 0.061581
v 0.242689 -0.247335 0.050119
v -0.113454 -0.154177 0.056731
v -0.185335 -0.135874 -0.005989
v -0.152243 0.290966 -0.153003
v -0.149674 0.119312 0.145358
v 0.178774 -0.002858 0.185974
v 0.188563 0.005020 0.172592
v 0.149530 -0.192342 0.181479
v 0.041205 -0.237465 -0.005416
v 0.004638 -0.211454 -0.160262
v -0.019233 -0.150915 -0.112489
v -0.082274 -0.258230 -0.091694
v -0.027398 -0.184379 -0.084831
v -0.262771 0.004292 -0.014269
v -0.162569 0.266318 0.094275
v 0.298352 -0.117501 0.083291
v 0.208853 -0.242575 -0.050279
v 0.088466 -0.058705 0.213023
v -0.155400 -0.257183 -0.076411
v 0.006816 0.068248 0.136542
v -0.031612 -0.010834 0.155896
v 0.226145 0.106064 0.097847
v -0.158739 0.221302 -0.079158
v -0.122936 -0.255652 -0.088792
v -0.255678 -0.060879 0.019395
v -0.028848 -0.234384 0.181391
v -0.019385 0.135015 -0.042842
v -0.096769 0.009364 0.157437
v 0.064388 -0.097871 -0.202011
v 0.056150 -0.112479 -0.199655
v -0.272668 0.189891 0.017977
v -0.035638 -0.075023 -0.127056
v -0.153619 0.311122 -0.296863
v 0.331685 -0.166549 0.093474
v 0.064933 -0.141093 0.199636
v 0.165268 -0.159206 0.190547
v 0.272285 -0.022247 -0.108878
v -0.049982 -0.215028 0.141953
v -0.199983 -0.249941 -0.009129
v -0.123763 0.078991 0.121661
v -0.095599 0.011603 -0.133024
v 0.136075 -0.177960 0.194744
v -0.208431 -0.111036 0.046687
v 0.190197 -0.089069 0.186121
v 0.110644 -0.236178 -0.029422
v -0.156780 -0.250401 0.148354
s 1
f 733 1701 1126
f 586 8 9
f 3199 1517 358
f 26 25 2680
f 2533 48 49
f 51 52 3049
f 53 3247 54
f 55 56 1254
f 2573 61 62
f 2898 3045 454
f 879 72 3380
f 93 2759 2565
f 98 2533 49
f 623 2422 865
f 112 113 114
f 249 2207 219
f 1309 2271 3392
f 132 133 134
f 141 1181 3212
f 1916 3354 147
f 2983 151 152
f 176 177 2603
f 901 180 2567
f 188 2751 187
f 189 2018 72
f 1799 1027 195
f 1399 197 1082
f 201 199 200
f 209 1646 2117
f 219 113 220
f 227 228 229
f 233 495 2057
f 2570 240 1329
f 1849 251 3096
f 252 2300 2511
f 736 1776 3302
f 64 276 65
f 2770 2872 1785
f 289 2340 505
f 293 3032 294
f 1732 295 297
f 299 300 301
f 2565 304 93
f 2337 307 308
f 3424 1497 2758
f 313 2231 1506
f 329 330 2282
f 332 333 2749
f 2919 341 1675
f 345 1944 346
f 1164 1971 984
f 351 352 353
f 360 536 312
f 211 3060 364
f 365 811 366
f 374 2902 3334
f 384 1118 385
f 1455 1892 3424
f 3447 392 523
f 469 396 2699
f 402 1962 784
f 1004 405 2287
f 417 3400 418
f 422 423 1662
f 2090 1702 429
f 434 431 435
f 438 439 440
f 442 443 444
f 445 446 441
f 826 449 560
f 2226 450 3327
f 2271 492 493
f 461 3308 459
f 472 3205 175
f 1706 305 3442
f 500 501 262
f 504 2317 548
f 2404 2402 3366
f 1114 171 170
f 3230 3464 2477
f 532 533 3446
f 3183 3182 2569
f 3155 2319 1731
f 542 543 644
f 1367 2864 46
f 545 2222 546
f 1885 548 3444
f 553 1471 554
f 578 579 580
f 1550 2809 918
f 583 584 585
f 583 586 584
f 137 135 944
f 3027 3215 894
f 607 613 608
f 617 2454 618
f 2301 630 631
f 658 226 1003
f 3412 293 662
f 663 187 3098
f 672 673 674
f 675 3381 2530
f 434 688 431
f 689 690 691
f 1546 700 701
f 2271 493 702
f 687 2421 2147
f 1922 710 3026
f 718 719 720
f 356 113 355
f 2547 2546 91
f 744 746 2984
f 541 3222 749
f 2131 752 753
f 547 302 303
f 426 759 2358
f 3113 512 154
f 323 780 781
f 1822 1824 782
f 783 784 785
f 2405 1601 791
f 796 189 795
f 800 801 437
f 803 804 805
f 807 420 419
f 2441 817 818
f 819 820 2627
f 827 449 825
f 1054 834 3064
f 852 851 1400
f 852 2514 853
f 858 1815 859
f 229 2654 227
f 872 2821 873
f 2049 3228 874
f 891 102 892
f 2832 417 418
f 442 2488 443
f 896 897 442
f 734 1992 899
f 903 2675 902
f 853 544 911
f 927 928 3189
f 927 77 928
f 203 1611 3258
f 599 137 944
f 949 3305 950
f 3138 2136 3378
f 954 3262 955
f 2003 1122 958
f 1960 1959 3175
f 139 259 3243
f 2313 968 1881
f 1525 977 1320
f 2141 975 1539
f 2118 980 981
f 985 986 286
f 1335 437 441
f 994 1434 995
f 3193 996 997
f 998 146 999
f 1000 2089 1001
f 427 1004 1660
f 2019 2641 1010
f 1195 1028 1027
f 1031 1445 1032
f 2839 1036 2838
f 1054 1055 834
f 737 3418 524
f 1078 897 1079
f 1078 3129 897
f 2788 2774 2328
f 71 786 1386
f 131 1887 116
f 2721 2955 2329
f 676 144 145
f 3170 1048 148
f 849 1610 1716
f 1124 995 1125
f 2687 1127 1126
f 1340 1129 1130
f 1131 1132 113
f 791 1601 1136
f 2408 2468 3101
f 2580 90 2546
f 1156 2303 1155
f 1932 884 2080
f 3465 15 2664
f 1757 1176 878
f 3371 2832 418
f 1178 1158 1179
f 374 845 1180
f 1999 1182 821
f 3031 2769 1279
f 517 94 1192
f 1022 3103 17
f 1203 1204 2646
f 1205 2407 1206
f 1222 1223 1983
f 336 88 1232
f 922 2501 1234
f 1667 1238 1239
f 2706 1507 1259
f 2347 1272 1273
f 1428 1282 1120
f 1113 1283 1992
f 3065 2027 3176
f 1359 1289 1290
f 1295 570 2251
f 1906 1302 3001
f 1906 462 1302
f 1303 3296 1304
f 1505 312 311
f 1038 2264 1040
f 1680 1853 2783
f 1316 1317 1318
f 2526 1328 956
f 1331 2011 2012
f 598 1332 335
f 547 2222 1334
f 1338 487 1339
f 2821 872 1338
f 3399 1342 109
f 1343 724 2693
f 1907 877 2150
f 1605 1765 3397
f 2789 1265 1594
f 2025 467 2910
f 1385 391 1153
f 1875 653 1389
f 1390 1755 1391
f 797 2853 1396
f 2571 2572 3268
f 851 2729 1400
f 1170 1409 2715
f 2080 190 1932
f 3099 2545 1421
f 819 1423 406
f 2816 649 2430
f 1054 3274 204
f 2584 2434 717
f 1438 2904 1420
f 1439 2234 3077
f 1440 1441 64
f 1447 1448 2607
f 304 1451 1452
f 1451 1453 1452
f 30 2946 2064
f 359 1457 1379
f 1460 2463 1370
f 1465 1864 1466
f 308 307 1467
f 2747 1470 1471
f 2636 1473 290
f 1474 1476 1475
f 1097 291 292
f 1483 1484 3355
f 1483 2262 1484
f 1485 397 2934
f 1485 660 1477
f 3359 1491 2247
f 2482 1492 2279
f 2884 1495 2295
f 3014 3051 3111
f 160 86 3255
f 826 3025 2489
f 1503 2543 3236
f 311 1504 1505
f 761 764 1512
f 1515 2635 495
f 3364 3199 1518
f 1531 508 1529
f 1532 1533 1534
f 1039 2845 1038
f 1537 868 486
f 2366 328 1542
f 757 159 1963
f 1548 1549 2155
f 1026 750 751
f 1554 3383 1555
f 1566 1567 2424
f 1566 1191 1568
f 1409 488 2715
f 1576 3479 1581
f 1085 3304 1577
f 1578 3311 1579
f 1989 1175 471
f 1588 1589 1590
f 747 300 299
f 3210 760 1594
f 1598 344 1597
f 2379 1976 337
f 183 1607 2181
f 1608 1609 1610
f 790 2813 1608
f 1612 1480 1481
f 1293 2333 3200
f 351 1615 1616
f 1618 1619 1620
f 2770 3175 1959
f 1579 648 1578
f 1631 1632 1633
f 2108 3024 3405
f 1644 2027 2953
f 1648 3309 2914
f 1191 1566 1651
f 1653 330 329
f 962 3288 172
f 644 2078 643
f 1355 1670 1669
f 2202 2270 1501
f 341 1674 1675
f 1677 220 113
f 1677 219 220
f 1679 65 1036
f 1208 2824 1689
f 1796 2568 942
f 1267 43 3282
f 628 627 2893
f 1697 1986 1698
f 1011 787 3135
f 1663 3332 1711
f 816 920 815
f 1442 1722 1721
f 1736 987 1880
f 1739 619 620
f 682 2936 740
f 1747 934 1997
f 1750 1751 1752
f 1754 3409 2725
f 394 1091 3055
f 1759 3038 462
f 2353 1014 32
f 316 1760 1402
f 1079 1975 1078
f 309 62 1764
f 92 1768 1769
f 1772 425 1773
f 1777 163 1778
f 2588 1558 1557
f 485 3352 1780
f 1781 1459 1229
f 1782 8 1783
f 3040 1444 2209
f 2729 911 1401
f 538 3206 1792
f 473 1715 474
f 2036 2411 783
f 1363 1795 225
f 2721 2329 2142
f 2132 1802 1803
f 1384 1582 1813
f 1817 817 3193
f 1818 95 1141
f 484 1832 483
f 265 1848 50
f 1846 1702 2090
f 2573 454 1851
f 2280 2124 3121
f 1859 3365 1251
f 1861 1945 1071
f 105 1864 1863
f 1869 1870 1871
f 1875 287 1876
f 1875 1877 287
f 535 1078 1975
f 1882 1883 1434
f 397 131 2137
f 194 232 2302
f 3000 1902 272
f 2695 1910 1911
f 2681 909 1910
f 2929 2794 1916
f 1917 1522 332
f 2700 2480 3441
f 1933 1934 3154
f 1938 1939 2194
f 428 3448 557
f 1947 1770 1293
f 904 1952 1953
f 1954 1955 1956
f 653 1875 1876
f 1961 1962 402
f 2877 1967 3437
f 2973 23 1971
f 1562 3379 57
f 571 1992 1294
f 731 1993 1994
f 1998 873 2950
f 357 1357 2327
f 560 1197 3025
f 2948 2011 80
f 1372 165 182
f 833 355 113
f 1204 1980 1758
f 868 1375 2021
f 2023 3241 2024
f 2025 1793 2597
f 268 399 3268
f 2026 2552 2858
f 2527 214 1346
f 1106 2028 437
f 1106 1107 2028
f 1675 2038 872
f 2039 2990 1658
f 2042 976 2041
f 774 8 1782
f 774 9 8
f 2045 772 1688
f 2054 807 1761
f 2056 2057 2058
f 2539 1964 1965
f 2501 922 260
f 2906 1186 2074
f 2075 2076 1189
f 2077 1638 1276
f 542 2132 543
f 2078 2246 921
f 2078 2248 1803
f 2079 2080 884
f 2085 3298 2086
f 2994 3113 1828
f 1794 1177 768
f 3144 1379 1378
f 993 37 2111
f 2114 1565 730
f 1634 1632 1631
f 2118 432 433
f 1046 747 1593
f 2120 2121 3440
f 1228 1441 1440
f 3264 250 733
f 1061 1882 2116
f 860 211 364
f 1340 1130 1128
f 2133 1603 1604
f 2138 2139 2591
f 1453 2139 1452
f 1137 241 362
f 2152 1943 1944
f 1891 2154 2155
f 1355 2159 1670
f 379 2164 593
f 3048 2162 2163
f 1423 819 3386
f 1264 3428 2168
f 2030 1650 2173
f 1664 1927 2987
f 2810 2561 2175
f 2178 1416 478
f 2179 2180 531
f 634 866 513
f 1731 2840 2842
f 2190 1172 1946
f 1655 3317 2144
f 1655 2144 2191
f 1916 2794 1240
f 1027 1799 595
f 859 2655 2197
f 2205 1226 2206
f 1259 390 2706
f 2213 3348 3035
f 299 1593 747
f 3360 3125 2455
f 1176 2223 2224
f 2223 2018 189
f 2226 1112 1111
f 1112 2227 721
f 2228 2229 3413
f 518 2230 94
f 2235 2234 320
f 2237 2601 1525
f 2460 3382 1728
f 1192 1650 2239
f 2241 2242 1242
f 644 2248 2078
f 1115 955 2253
f 2959 2026 3261
f 1281 717 2438
f 1362 2263 118
f 3482 3022 2165
f 3402 3335 708
f 1035 2269 2244
f 1035 2268 2269
f 1693 1692 1787
f 536 360 1079
f 2275 2212 1395
f 3119 1409 2277
f 1301 2278 2279
f 2281 1419 966
f 1257 1739 1356
f 2285 2286 1739
f 200 2290 201
f 2291 2542 2290
f 3306 3393 2126
f 3306 2292 3393
f 929 243 242
f 2302 495 1890
f 2847 226 1421
f 1967 714 3437
f 1537 1375 868
f 2010 1973 2326
f 2319 2250 1549
f 2831 1775 2322
f 3 1159 1684
f 2915 1468 2606
f 2080 2079 3190
f 2329 2143 2142
f 1592 2973 2752
f 2991 2838 1036
f 587 1130 2364
f 2822 1690 1443
f 2334 2333 1437
f 3279 1444 2900
f 2132 1367 1802
f 1823 1124 2338
f 2100 1620 1282
f 525 2083 2339
f 803 905 1951
f 1661 2342 2343
f 2488 437 443
f 695 694 2352
f 2360 385 1572
f 2978 1823 3449
f 2363 2364 1130
f 3221 407 3315
f 1780 119 361
f 2366 2746 1543
f 2367 2635 1515
f 2374 2843 2373
f 749 482 748
f 432 979 1861
f 3125 2383 1006
f 2384 2382 2383
f 2386 179 3463
f 2402 2404 2403
f 2404 2908 2403
f 372 2724 373
f 2412 2413 3416
f 1668 2818 3172
f 2130 2818 964
f 3378 108 2428
f 1282 1620 1619
f 1619 1618 1615
f 1616 1615 1618
f 1005 2092 2572
f 421 1561 2431
f 152 1561 1662
f 933 1944 345
f 2153 2152 1944
f 3228 2049 2436
f 663 188 187
f 2091 2457 910
f 1143 2459 1142
f 3250 2127 706
f 1916 147 749
f 1667 2108 1147
f 1667 1239 2108
f 1635 3482 2165
f 197 1866 1082
f 1441 1800 176
f 802 756 1061
f 1860 1861 3453
f 2475 1244 2476
f 455 1868 480
f 599 2207 249
f 2479 429 1702
f 1886 403 1449
f 209 1489 864
f 3160 3472 1896
f 2500 906 2499
f 923 2501 1135
f 2225 246 2503
f 63 2507 1418
f 63 327 2507
f 123 2509 2510
f 2191 1408 799
f 897 536 1079
f 3244 1279 1
f 2671 2271 1309
f 166 1559 1558
f 166 2505 1559
f 2926 723 1652
f 764 2528 1749
f 2529 222 2306
f 2531 1023 858
f 3196 1527 1337
f 2534 2151 1582
f 2536 2537 430
f 662 293 958
f 2538 3024 2108
f 1029 153 1028
f 1716 474 1715
f 2228 1941 2229
f 1007 890 1740
f 952 528 951
f 1028 195 1027
f 1023 2560 858
f 2563 88 516
f 2564 304 2565
f 1375 439 2021
f 1874 2497 1200
f 2573 1207 61
f 308 1465 2434
f 466 579 581
f 579 934 580
f 2583 370 1432
f 719 2337 720
f 720 2337 308
f 2294 1855 1838
f 1657 1552 2528
f 1924 1926 500
f 957 3208 1012
f 837 1387 1386
f 2824 3278 1209
f 2824 1208 1059
f 699 698 3143
f 1696 62 61
f 2596 2385 1541
f 1808 3416 2413
f 2606 1468 3261
f 273 1148 2849
f 2021 439 1123
f 801 436 437
f 3053 3249 965
f 2626 1360 2309
f 2626 1358 1360
f 707 1959 1960
f 2627 820 3265
f 465 823 2628
f 1151 823 2629
f 67 151 2630
f 2322 1775 784
f 1810 1109 3109
f 2810 813 2561
f 583 588 3083
f 3083 2364 2363
f 3073 2642 1411
f 1360 237 2309
f 1360 3114 237
f 2645 1203 2646
f 3299 2647 610
f 2648 609 2649
f 3295 1671 2022
f 68 437 69
f 2346 889 2082
f 2658 2747 1471
f 449 827 2254
f 2567 1978 901
f 1398 1399 838
f 1008 2661 1009
f 1467 1863 1864
f 307 1863 1467
f 2536 2663 2537
f 2665 2666 2664
f 2897 2327 1230
f 929 822 1901
f 1901 821 931
f 488 1574 1994
f 2371 647 1220
f 2683 455 2684
f 2686 2453 2687
f 3220 2140 1899
f 1545 1898 2689
f 1545 1899 1898
f 3131 425 1772
f 1251 3365 2691
f 114 113 1844
f 1911 576 2695
f 1717 1716 562
f 1609 1716 1610
f 371 524 2933
f 171 2698 2697
f 1173 1889 758
f 608 2975 607
f 1067 2163 2162
f 1642 2704 2095
f 1832 552 2079
f 2425 2426 2292
f 1474 2200 2199
f 1718 200 77
f 2099 1448 2340
f 542 82 2716
f 3394 2353 32
f 299 2722 1593
f 299 3125 2722
f 1130 587 58
f 3022 2438 1090
f 2723 111 1604
f 2295 1687 772
f 1515 495 233
f 1624 707 708
f 2728 113 2529
f 2584 1119 718
f 994 2731 1061
f 6 2084 2083
f 828 462 3038
f 2733 2868 2379
f 2733 1164 2868
f 1088 2738 2737
f 1846 1002 1702
f 2237 83 306
f 2743 2094 2301
f 535 534 119
f 1437 2333 3142
f 2754 2735 2755
f 3136 2321 2956
f 1069 1070 2757
f 2887 2758 893
f 875 37 2112
f 2464 2465 2338
f 2088 1912 167
f 404 2233 1445
f 3398 107 106
f 2028 445 437
f 1769 2259 1903
f 1879 1576 3007
f 2768 1576 1581
f 2568 3345 702
f 1931 1318 198
f 2336 653 1876
f 1025 1026 751
f 554 1471 1470
f 1538 1049 2974
f 413 414 1049
f 2372 1089 2777
f 3384 2011 1331
f 464 2933 930
f 817 1817 818
f 1817 427 2782
f 584 587 585
f 892 102 1797
f 1811 1110 722
f 1729 978 44
f 2006 2007 1553
f 2792 1406 1407
f 3472 565 270
f 618 2672 2490
f 583 3083 902
f 1728 1873 2460
f 1282 1119 1120
f 719 718 1119
f 935 1199 2797
f 690 1278 2169
f 365 366 2579
f 2956 1184 2801
f 2805 1417 2806
f 1750 2198 2807
f 773 459 3308
f 773 460 459
f 2809 3422 15
f 2193 641 640
f 1422 2545 640
f 2810 1535 2400
f 2039 2040 2990
f 634 2187 866
f 489 3317 1585
f 767 3306 2826
f 62 309 3086
f 1261 1872 1260
f 1493 3411 2829
f 2100 1282 1428
f 1947 3200 3256
f 3145 2308 2833
f 2835 933 345
f 2836 2837 657
f 1930 3272 393
f 2838 66 2839
f 2885 2325 2326
f 2840 2841 2842
f 473 849 1715
f 1729 213 2849
f 3433 1090 2438
f 2043 3251 584
f 655 2341 887
f 2132 2815 1367
f 706 1712 1714
f 832 113 831
f 2858 2859 1366
f 819 2627 997
f 3390 1735 1904
f 2862 3395 2143
f 2379 337 167
f 924 2496 926
f 1195 3318 1028
f 852 709 2864
f 3371 1617 1461
f 1136 1601 2869
f 2870 1759 2871
f 2873 2874 2875
f 353 2876 2865
f 2435 2434 1465
f 3417 854 1792
f 2241 1242 1243
f 1995 50 2417
f 131 1289 2137
f 124 125 39
f 2158 1019 1018
f 627 2892 2893
f 627 149 2892
f 2445 779 1911
f 2897 2811 3326
f 2901 3317 1655
f 1102 356 1103
f 1102 113 356
f 355 1463 356
f 436 801 2518
f 1043 503 502
f 2620 1503 3236
f 2840 1731 1548
f 2911 1330 463
f 2128 2499 906
f 1530 2334 1437
f 2550 694 1435
f 3430 1705 3408
f 1740 247 1940
f 2919 1675 872
f 400 473 474
f 517 2239 1782
f 2859 2925 1366
f 3406 2419 2418
f 440 439 2928
f 2929 1238 1667
f 2623 22 3076
f 862 1142 2459
f 895 3189 928
f 593 49 48
f 2545 1422 339
f 1853 558 1852
f 42 2847 2093
f 2934 134 133
f 2936 683 2935
f 2937 1599 1691
f 703 2940 1989
f 2446 2941 23
f 3221 2287 405
f 3030 196 1269
f 921 2246 2245
f 702 2272 2271
f 2165 2742 1357
f 2410 2954 1261
f 2957 127 1141
f 1619 1615 7
f 2772 235 2046
f 1868 2046 236
f 1868 2772 2046
f 2488 1106 437
f 2488 3129 1106
f 3056 1588 1291
f 1256 992 539
f 1986 1430 2
f 946 3127 1753
f 2656 1487 157
f 2962 90 2580
f 1233 399 2597
f 2964 1097 1096
f 1257 1356 2454
f 2966 2780 1161
f 344 2433 2968
f 1943 834 2969
f 1741 3237 974
f 112 1131 113
f 112 1133 1131
f 107 2021 728
f 396 2700 2699
f 2159 1355 1356
f 2975 1099 1708
f 1684 2976 2767
f 2979 1405 471
f 2466 3319 2467
f 1223 1937 1983
f 2985 745 2274
f 1927 2986 2987
f 2321 3136 2986
f 2988 2436 1834
f 140 141 1947
f 248 2991 3008
f 248 3100 2991
f 2995 1345 2257
f 1321 1322 3369
f 2703 2480 2700
f 1894 3079 2998
f 1743 740 1178
f 2999 1067 2164
f 859 1815 1816
f 2541 110 1468
f 445 441 437
f 2236 825 1458
f 225 2479 1363
f 2451 2010 2295
f 448 1358 1361
f 2203 895 928
f 3150 937 437
f 1478 3011 1477
f 3014 1606 2402
f 1065 265 50
f 2192 1235 2836
f 2338 1124 1125
f 2702 2729 547
f 3075 2220 302
f 3023 84 2560
f 2845 1529 508
f 2285 1258 482
f 2109 437 992
f 1563 532 284
f 2182 842 2525
f 2482 3027 894
f 1132 1677 113
f 1428 1620 2100
f 1319 3036 1316
f 757 2460 159
f 3038 1183 829
f 1913 1915 835
f 2362 1216 378
f 670 2377 672
f 2162 1424 406
f 3041 1423 146
f 2107 3339 2362
f 1950 3469 908
f 3042 3043 458
f 2018 3380 72
f 1196 2785 2784
f 377 1013 139
f 1698 2629 1985
f 3133 3128 2750
f 2181 3363 3039
f 611 3054 2080
f 1589 3056 2500
f 2278 1301 1300
f 2280 2874 3267
f 2808 773 2945
f 2808 460 773
f 3063 1054 3064
f 443 436 444
f 443 437 436
f 3223 529 3286
f 2511 3072 2510
f 2296 1806 89
f 1767 672 674
f 800 437 68
f 221 1564 3433
f 2554 2555 244
f 2255 1073 527
f 963 3081 242
f 2367 3082 1516
f 1316 2714 1319
f 500 2592 1924
f 1413 3271 1414
f 1812 1813 1582
f 3085 889 310
f 1918 1522 1917
f 1524 734 899
f 2382 453 218
f 2678 314 315
f 1824 1822 321
f 2756 1888 898
f 1795 2192 577
f 1486 3159 605
f 2884 2885 2600
f 3088 3089 3090
f 574 3032 661
f 2582 506 2034
f 2526 363 362
f 766 765 509
f 1674 341 340
f 2632 1518 988
f 409 465 1809
f 2375 741 1169
f 2737 1087 575
f 1848 429 50
f 429 1996 50
f 1673 2850 2912
f 422 1370 2463
f 539 854 2881
f 1794 1490 530
f 2941 2940 703
f 937 992 437
f 937 539 992
f 1154 841 1988
f 1829 492 2671
f 2276 108 3104
f 2425 1878 2427
f 2706 3106 3122
f 1452 2378 1348
f 2675 2674 2676
f 2184 2183 3295
f 2728 831 113
f 1358 447 1361
f 2584 1120 1119
f 2513 2512 227
f 544 853 2514
f 1961 1810 3109
f 1412 2339 2590
f 3112 922 475
f 1717 562 563
f 735 113 1102
f 3393 86 2126
f 2223 2646 2018
f 1157 638 54
f 1157 1135 638
f 2581 2693 2396
f 2279 3119 1301
f 2827 157 1487
f 763 761 510
f 1727 2943 2206
f 2322 783 2411
f 3122 3259 3123
f 3125 299 301
f 1412 2590 3126
f 2576 51 1527
f 2663 1000 1595
f 2663 2536 3093
f 1707 1173 3019
f 3436 2299 1025
f 1189 2575 1892
f 894 2888 2887
f 1096 1156 1155
f 267 268 2853
f 1995 2965 267
f 3128 1867 1083
f 2701 2702 1334
f 135 1587 2447
f 2251 1008 1009
f 873 38 2950
f 3131 3224 1368
f 675 1307 730
f 3205 679 2378
f 2312 272 1685
f 3000 272 2071
f 3134 1694 364
f 556 1691 1692
f 2380 2381 1862
f 3136 1840 1306
f 1840 729 1306
f 1950 908 2917
f 2044 1084 636
f 2496 3091 1973
f 1902 643 1685
f 1088 575 3147
f 1072 3148 1172
f 2477 2720 382
f 3426 604 1148
f 3150 437 1335
f 2370 401 3372
f 2106 1212 2000
f 2566 1311 2431
f 1723 1284 1166
f 347 1532 1534
f 2970 222 354
f 2292 2426 2293
f 2476 674 673
f 2355 739 1105
f 1965 24 2539
f 2109 69 437
f 828 3038 829
f 3162 1030 2939
f 594 384 2176
f 3143 125 685
f 1572 1573 2577
f 2276 1779 2799
f 2005 2004 294
f 868 2021 107
f 2720 1057 382
f 2962 1169 90
f 3423 1565 2114
f 3177 1096 2304
f 2648 847 609
f 3180 1212 2106
f 638 2501 260
f 2501 923 1234
f 2760 435 979
f 1149 83 1150
f 3258 2837 932
f 3258 1611 2837
f 581 467 466
f 3182 2921 2920
f 3183 2921 3182
f 3184 3185 3279
f 2924 2634 2923
f 1417 1418 2507
f 1758 2646 1204
f 205 680 1274
f 311 312 536
f 70 3194 11
f 3196 3197 3198
f 3196 380 3197
f 1378 1457 2817
f 2433 3257 2968
f 2306 1513 2728
f 2039 1658 1657
f 427 1660 1659
f 1422 641 1601
f 1234 475 922
f 2210 2807 3458
f 1642 2095 2094
f 832 833 113
f 3146 970 644
f 485 486 868
f 246 1556 1095
f 1976 2379 2867
f 3206 2763 2273
f 2430 305 3187
f 1254 2982 2689
f 2689 3284 1545
f 3207 1767 2099
f 3441 395 1262
f 3208 60 1012
f 3208 2638 60
f 1548 2155 2841
f 128 1787 1786
f 2737 3003 2297
f 691 2872 2421
f 2588 2604 1558
f 2363 1130 1129
f 19 2188 2842
f 2392 271 3302
f 709 46 2864
f 1060 1871 913
f 1860 2952 3217
f 1860 2583 2952
f 2135 3221 52
f 2135 52 2631
f 2089 2878 1001
f 1100 1174 350
f 1239 541 2108
f 3163 1094 1095
f 2636 1094 1473
f 2304 2503 1094
f 2609 2505 166
f 3070 2531 3332
f 115 2945 1219
f 3471 480 456
f 318 2296 3240
f 3129 442 897
f 2507 327 1540
f 3105 1734 3316
f 1583 1385 1153
f 843 2942 2394
f 2671 492 2271
f 358 3046 3047
f 1760 188 663
f 1763 3022 1090
f 1305 2911 2063
f 430 1847 2536
f 2543 1720 3236
f 3179 743 1769
f 3241 3242 639
f 715 1466 1376
f 1312 312 654
f 2142 2143 961
f 2965 467 2025
f 2387 234 1850
f 2906 2457 2091
f 1049 2141 2974
f 1393 2691 3365
f 1598 1597 3246
f 3247 1596 204
f 3190 2645 611
f 3077 2234 1699
f 1116 3320 2097
f 2661 1350 165
f 2913 649 2038
f 313 156 2231
f 3043 3042 705
f 3253 752 620
f 2286 619 1739
f 2286 2285 482
f 2384 3125 2382
f 2546 2547 2628
f 502 3036 1043
f 2274 2984 1047
f 1046 3254 747
f 1672 1675 1673
f 2449 856 2615
f 339 338 2545
f 2716 82 451
f 1182 3167 931
f 341 1998 340
f 3257 3258 2968
f 1605 2358 1765
f 1104 2976 3260
f 2524 1211 1210
f 533 3158 2774
f 3185 2209 1444
f 1303 240 1305
f 1725 39 3066
f 2107 903 902
f 1127 3266 236
f 839 2053 763
f 1938 2194 1058
f 943 1796 1361
f 1509 1933 3154
f 1509 3329 1933
f 2448 3474 1940
f 1125 1388 2338
f 232 1413 1414
f 966 1164 2733
f 2885 2884 2325
f 3222 541 1239
f 1426 2879 677
f 1943 2170 1365
f 1943 2152 2170
f 1493 1494 2113
f 3173 2904 1215
f 980 3277 369
f 1334 2222 545
f 2444 1405 1099
f 2303 2225 2503
f 190 3054 3154
f 3279 2900 3184
f 3265 2781 2627
f 2457 3155 910
f 618 2490 3280
f 2491 617 3280
f 354 113 219
f 976 2624 713
f 361 119 534
f 1267 3282 1266
f 2239 1650 1347
f 668 1554 3163
f 1680 3028 253
f 2451 2295 772
f 245 3285 2852
f 2240 2727 1577
f 1380 2961 741
f 2120 1872 16
f 768 2247 1491
f 914 1844 113
f 972 41 3287
f 41 1637 3287
f 41 2211 1637
f 396 469 878
f 2538 1258 2285
f 3288 2554 244
f 891 2082 889
f 3289 2614 938
f 2613 2612 388
f 2883 647 2371
f 206 262 1673
f 838 333 1522
f 1739 620 2159
f 2285 1257 2538
f 2285 1739 1257
f 1906 3059 3296
f 2650 3299 1757
f 2653 2499 2128
f 2653 738 2499
f 161 2560 2561
f 104 1116 488
f 1226 2207 599
f 1639 1790 1300
f 811 948 1395
f 1821 1819 2323
f 1713 3301 2189
f 1663 1744 1745
f 1711 2189 1744
f 2646 1756 2645
f 2933 243 930
f 524 243 2933
f 2522 2293 343
f 2744 1972 1093
f 2486 1220 258
f 1827 634 3113
f 1839 2589 888
f 1616 352 351
f 1803 2248 543
f 2230 2232 2231
f 3113 634 2705
f 3307 56 55
f 2607 3429 1447
f 1153 3312 1583
f 3313 599 601
f 3313 138 599
f 242 3081 929
f 2944 1768 1683
f 2766 2727 954
f 3317 489 2144
f 293 2003 958
f 293 294 2004
f 574 885 2270
f 1872 1261 2954
f 471 1404 2979
f 1350 3325 1969
f 230 2745 1060
f 2682 2055 1966
f 2331 2332 2122
f 2678 1504 3449
f 3327 3068 1834
f 3329 846 847
f 2554 3330 3331
f 3248 1390 21
f 2529 113 354
f 278 2864 1367
f 92 2976 1683
f 1595 1001 2577
f 2719 2718 3340
f 3275 1723 1724
f 1541 1542 1051
f 912 1845 914
f 1774 2640 2359
f 2490 2672 1354
f 2712 2604 882
f 2964 291 1097
f 923 625 2572
f 2475 2635 990
f 1280 3140 1
f 1123 438 755
f 1257 2454 616
f 2154 1167 809
f 3215 3214 2082
f 1892 2575 3424
f 1324 2994 2088
f 1608 850 2067
f 1339 2111 1338
f 1339 3191 993
f 1460 3346 2463
f 1368 595 1799
f 3340 1092 2719
f 1253 435 1991
f 274 1161 202
f 2670 2668 2669
f 2347 2290 3183
f 1526 2800 970
f 3435 3023 2692
f 2847 2848 226
f 2253 955 3262
f 614 703 470
f 2893 2892 750
f 2257 1652 2995
f 2256 1121 1652
f 318 2480 2481
f 929 1901 930
f 566 3061 2186
f 2782 1942 3350
f 1075 170 171
f 2858 3286 2026
f 1704 690 132
f 2875 2233 2873
f 692 2399 2393
f 1190 3031 2908
f 2228 1007 1941
f 681 1022 2105
f 3213 706 1714
f 1510 576 73
f 1138 363 860
f 3016 1145 2711
f 463 2871 2063
f 1862 2583 3033
f 115 971 3022
f 256 3257 2433
f 3479 569 3161
f 279 2169 3322
f 2687 2453 1127
f 1018 2157 2158
f 1833 2436 1056
f 1649 3430 479
f 1341 1060 1217
f 1341 1634 1060
f 2804 1323 622
f 2804 1324 1323
f 3359 2771 1491
f 1842 1209 3144
f 230 1401 2745
f 230 1633 1401
f 13 2215 1800
f 2836 657 2192
f 3362 1746 1743
f 3362 1745 1746
f 631 1842 2104
f 1076 1789 515
f 1514 1899 2140
f 551 550 939
f 2068 2419 24
f 1189 2074 2075
f 2622 1825 11
f 303 2222 547
f 2500 3367 1292
f 2439 3059 1906
f 1993 731 1241
f 1419 2281 154
f 244 409 1809
f 244 509 409
f 1472 2320 451
f 1404 2138 3370
f 1697 1430 1986
f 2244 2784 2243
f 1552 1749 2528
f 2834 745 1352
f 80 2966 2948
f 736 271 1712
f 2943 2406 2832
f 1087 2297 2117
f 1529 2204 694
f 1529 1528 2204
f 1947 141 3212
f 21 1391 70
f 21 1390 1391
f 2935 683 681
f 2865 2970 1462
f 509 2555 766
f 2878 2090 1848
f 1972 971 223
f 1972 1281 971
f 1037 1949 645
f 3477 1285 1952
f 1356 1739 2159
f 1661 3078 2765
f 2547 1521 465
f 2326 2471 2885
f 830 1174 2617
f 1612 1481 578
f 3334 2902 33
f 374 2064 898
f 3136 2266 1840
f 2118 2760 979
f 2827 1486 605
f 675 2530 2361
f 2724 3185 3184
f 373 1137 363
f 2210 1194 2579
f 707 1960 708
f 1397 119 3352
f 2676 2812 2644
f 506 964 680
f 1053 3097 2753
f 2287 2092 1005
f 3383 1331 2605
f 1390 3248 722
f 3007 286 1879
f 3007 2662 286
f 3158 533 12
f 825 2236 2227
f 849 1716 1715
f 3365 388 1393
f 1149 306 83
f 2311 397 1485
f 2828 1625 1166
f 9 774 2740
f 2965 1995 2417
f 1995 1064 50
f 302 547 2729
f 2781 3265 3193
f 482 619 2286
f 482 3353 619
f 1563 285 1536
f 2938 2679 904
f 3390 139 1013
f 948 2598 233
f 1333 3391 196
f 970 2800 644
f 98 2360 1572
f 1805 3432 1017
f 1772 2789 269
f 231 2058 2057
f 231 526 2058
f 1179 3142 2492
f 2356 1151 1986
f 1866 1867 3128
f 1866 3434 1867
f 2134 2287 3087
f 546 334 2070
f 1370 422 421
f 687 686 431
f 390 3106 2706
f 390 1141 3106
f 417 1826 2926
f 3330 697 696
f 2232 2047 3073
f 1042 89 1807
f 2256 719 1119
f 78 958 1122
f 1604 1088 3147
f 2288 923 2289
f 2572 625 1005
f 3274 3063 759
f 1609 2813 563
f 3481 2735 2754
f 3105 3335 3402
f 3401 342 3335
f 108 2136 3104
f 2346 10 2345
f 2988 38 875
f 902 173 583
f 482 3403 3353
f 1552 253 3141
f 914 735 912
f 914 113 735
f 2544 3099 658
f 2655 859 1816
f 2928 439 1375
f 2928 1375 285
f 1837 2981 3109
f 653 652 424
f 1132 1131 3034
f 1071 432 1861
f 1128 58 3005
f 1128 1130 58
f 3204 1188 144
f 3204 1187 1188
f 3017 491 3015
f 749 3403 482
f 749 147 3403
f 2513 1871 1870
f 539 2881 1256
f 199 2315 2316
f 77 200 199
f 717 2434 2438
f 1878 3306 767
f 3172 3062 3053
f 217 61 1207
f 2496 2667 926
f 2079 552 883
f 3470 3241 639
f 3241 2365 2024
f 821 1182 931
f 288 2123 2677
f 2914 1705 3430
f 1457 359 3047
f 1540 1539 975
f 1480 909 2681
f 2188 3155 1731
f 1207 1851 301
f 301 1851 2382
f 1406 59 1407
f 2406 2943 1224
f 1958 539 937
f 1260 1511 40
f 1260 1748 1511
f 1633 3075 1401
f 3412 3032 293
f 1007 3413 1798
f 3363 3316 3039
f 2880 546 2070
f 3393 3255 86
f 301 2382 3125
f 2562 1295 1009
f 1100 1099 1405
f 3110 3040 2896
f 1030 3162 130
f 1429 1764 62
f 1453 2591 2139
f 2701 1400 2702
f 1669 620 752
f 2782 1659 1942
f 3045 2898 1388
f 3337 2476 1709
f 646 2594 936
f 1378 100 2104
f 1373 2091 910
f 119 1780 3352
f 2605 290 1555
f 3153 3097 1021
f 1415 900 2789
f 315 156 313
f 1774 3064 834
f 2030 521 1650
f 2030 1651 521
f 2175 2560 1023
f 446 1335 441
f 3151 273 213
f 1810 1110 1811
f 1336 3101 2881
f 1063 1456 776
f 2678 3449 321
f 2073 486 485
f 255 254 1058
f 1217 1060 461
f 1011 2619 787
f 2943 1727 1224
f 1107 1078 1397
f 669 2779 668
f 2999 2164 379
f 819 997 3386
f 2687 1126 2963
f 3350 1942 1297
f 2322 784 783
f 1405 2863 471
f 255 2194 2351
f 255 1058 2194
f 635 3415 2598
f 635 3404 3415
f 2441 1299 1605
f 2441 818 1299
f 1033 1034 499
f 3190 1203 2645
f 1029 2265 153
f 2718 1463 833
f 1887 2311 398
f 2500 1292 1590
f 2520 1690 3102
f 3102 1690 2822
f 262 2850 1673
f 2537 2640 430
f 1012 60 59
f 2137 2473 397
f 2666 836 477
f 726 2693 724
f 1343 2693 2581
f 2482 3423 1493
f 2758 1497 893
f 3423 1494 1493
f 2514 2864 278
f 503 76 2480
f 3039 1734 1606
f 2469 1562 3005
f 1483 2585 1920
f 117 2644 2643
f 1617 418 7
f 1027 108 1195
f 1027 595 2428
f 108 3378 2136
f 3022 2742 2165
f 550 551 496
f 1169 1104 2375
f 1143 1223 3259
f 1143 863 1223
f 1253 3426 3427
f 785 768 1177
f 1898 1514 1255
f 1377 2607 1710
f 2906 2250 2457
f 127 1818 1141
f 2798 612 830
f 3324 1277 3358
f 3431 1831 31
f 521 323 322
f 645 327 63
f 1119 1282 1121
f 798 1654 3281
f 2945 773 1219
f 3170 2491 1048
f 2263 2373 2843
f 2906 2074 596
f 2419 2068 2420
f 2637 3208 241
f 1388 1125 3020
f 1931 794 553
f 993 3357 2112
f 2759 3357 993
f 1866 197 1865
f 151 67 3351
f 3142 2333 1614
f 1989 470 703
f 2291 3421 1720
f 2931 3271 2294
f 3337 1767 674
f 2015 192 1222
f 1757 878 469
f 1022 1744 3103
f 2413 2412 1040
f 1366 647 3286
f 613 338 2442
f 3061 1570 1571
f 388 2612 3227
f 1159 2375 1684
f 484 776 1456
f 3219 2349 3288
f 2283 3090 2282
f 3254 746 747
f 882 1470 881
f 882 2604 1470
f 1694 1693 2493
f 2442 1099 613
f 1171 1957 1581
f 2389 109 1560
f 3354 1916 1240
f 927 3036 1319
f 3036 3164 1317
f 873 2821 38
f 2821 1338 2111
f 1980 3015 491
f 660 2934 133
f 885 1501 2270
f 2530 2076 2361
f 2421 2872 2147
f 2692 1288 3435
f 394 1755 2831
f 394 3055 1755
f 2556 3478 2523
f 2269 283 2244
f 1513 3340 832
f 2561 348 2855
f 930 243 929
f 1776 464 17
f 3436 2300 2299
f 2300 3436 751
f 533 532 1974
f 534 1975 1974
f 534 535 1975
f 3168 1673 1675
f 201 2290 2347
f 1247 575 537
f 1414 526 232
f 3340 1513 3437
f 917 193 804
f 1634 1129 1340
f 1634 1341 1129
f 783 1177 2036
f 226 2848 1003
f 658 2193 2544
f 1788 1789 2505
f 3438 250 1636
f 250 2115 1472
f 109 1342 2566
f 869 107 3206
f 2312 3011 2071
f 2342 2765 2451
f 3056 1762 906
f 2351 2194 1939
f 3319 3044 2757
f 3319 2466 3044
f 855 2009 1336
f 2120 1260 1872
f 1779 2136 3117
f 1683 1801 2944
f 1760 337 188
f 1744 682 1746
f 649 651 2430
f 2772 1868 455
f 1509 3154 3054
f 2678 1505 1504
f 2197 2189 1711
f 210 1183 2321
f 1823 782 1824
f 1224 564 2406
f 967 1826 2832
f 47 427 1817
f 872 2816 1338
f 7 351 1617
f 745 2984 2274
f 1626 1019 3317
f 974 3237 413
f 2145 2270 2005
f 2145 574 2270
f 3225 1101 3426
f 1460 1368 1799
f 2417 466 1066
f 2308 150 2429
f 474 3112 475
f 1607 183 3374
f 697 2349 1764
f 1162 1326 1932
f 1932 1326 3195
f 859 3332 2531
f 2480 76 2481
f 2446 23 2973
f 2643 2644 2812
f 2332 1443 1722
f 2587 2033 1831
f 1934 208 1936
f 534 2073 361
f 1372 2661 165
f 1090 1564 2788
f 1308 2045 1688
f 1308 591 2045
f 2378 877 1348
f 212 369 2971
f 1990 981 369
f 895 2202 1501
f 2174 2783 1853
f 1853 792 558
f 541 1258 2108
f 1127 945 3264
f 1237 2794 540
f 392 520 523
f 400 475 1234
f 128 1695 1787
f 1446 637 711
f 2390 67 66
f 895 2203 2202
f 2981 2247 768
f 2073 1780 361
f 851 853 911
f 1423 3041 406
f 509 411 409
f 2559 403 2233
f 2782 1299 818
f 579 1997 934
f 528 952 2793
f 2376 1890 2377
f 2362 1217 3283
f 2362 1341 1217
f 1919 2904 3374
f 1385 390 391
f 1334 710 1922
f 1334 545 710
f 406 1424 405
f 1838 1855 2589
f 3329 847 3328
f 666 667 79
f 3394 254 3074
f 1049 2806 2141
f 1049 1629 2806
f 329 2282 3090
f 2787 3326 2478
f 193 1276 1469
f 2316 77 199
f 2086 1200 2497
f 1237 540 3420
f 758 3019 1173
f 931 3167 930
f 1024 2300 252
f 2559 2890 1490
f 140 2061 507
f 1914 121 3237
f 890 101 2548
f 890 102 101
f 2381 2398 1862
f 1590 1292 3448
f 567 2553 1580
f 3094 2412 983
f 1894 2269 2085
f 1378 1458 100
f 1968 2734 2397
f 1163 2751 848
f 3397 2440 1605
f 2754 2947 3245
f 432 1071 235
f 3376 1861 979
f 2521 2931 1836
f 2483 1549 1189
f 144 1665 145
f 296 1098 297
f 1959 1623 2148
f 2954 2410 1872
f 806 1382 82
f 2289 1659 2288
f 2288 1660 1004
f 880 1533 1614
f 2890 530 1490
f 2834 1352 1353
f 494 2401 2172
f 1705 2396 3408
f 1186 2075 2074
f 465 2628 2547
f 966 2752 1165
f 966 1419 2752
f 1517 3199 3364
f 364 556 3134
f 1337 51 3049
f 446 538 1335
f 1459 1781 1783
f 3450 3122 3123
f 1556 246 666
f 1654 2859 951
f 1117 126 3320
f 1557 1558 1559
f 3234 2738 1738
f 2193 657 2814
f 3216 2420 2641
f 1751 1750 2275
f 3246 1597 53
f 3013 3225 1148
f 2422 2882 1730
f 2997 622 1323
f 2951 3428 1264
f 331 87 725
f 331 2818 87
f 2749 700 408
f 1041 1218 3285
f 1755 1390 2831
f 1842 631 3137
f 1148 3018 2849
f 1162 2775 1181
f 143 1436 3142
f 2076 2530 3381
f 2982 2786 810
f 3327 450 3068
f 121 263 2596
f 3326 2787 357
f 529 3223 2777
f 607 3410 2093
f 1631 1633 230
f 3253 13 752
f 789 2880 2879
f 33 1888 2633
f 754 179 727
f 3207 2099 2340
f 2065 505 2340
f 1678 176 2603
f 728 2993 727
f 1704 2196 3140
f 1211 2525 842
f 1365 2170 1364
f 1613 349 23
f 2050 2264 1038
f 2519 1061 2731
f 116 921 2245
f 1845 912 913
f 1191 1651 2029
f 2016 263 264
f 716 1724 3084
f 716 3275 1724
f 3020 453 3045
f 3020 3021 453
f 3241 2023 3242
f 3008 1036 276
f 2068 24 28
f 3143 685 699
f 401 837 3372
f 2357 3049 3048
f 407 1424 3049
f 2487 671 1855
f 1756 1176 1757
f 3363 129 3401
f 3227 2612 2947
f 2795 1706 3135
f 3306 2126 2125
f 1162 190 2775
f 2723 3174 111
f 642 3258 932
f 1894 2998 2449
f 1270 3467 1905
f 2834 1696 745
f 2834 62 1696
f 3371 418 1617
f 778 1733 556
f 969 2925 2032
f 1764 1068 309
f 1077 669 79
f 498 1430 1697
f 2284 2694 3342
f 3456 2383 218
f 2206 1226 1225
f 640 641 1422
f 1194 2210 2211
f 1235 2835 1236
f 2837 2836 932
f 1236 2835 2305
f 3380 1980 881
f 3457 343 2426
f 3480 2410 950
f 2758 1798 1454
f 2758 2887 1798
f 1377 684 3314
f 1949 151 2983
f 262 2592 500
f 2743 870 633
f 1627 3203 2761
f 196 3391 1084
f 2366 2017 2746
f 3425 1003 2848
f 16 1697 1698
f 2506 1953 1285
f 1517 3046 358
f 1517 2399 3046
f 1110 1810 1961
f 430 2640 1364
f 2244 283 2784
f 1876 287 2768
f 715 1465 1466
f 2774 1230 2328
f 2772 455 2683
f 2516 2715 1408
f 216 386 1586
f 508 118 1315
f 74 1534 1533
f 3148 1889 3201
f 1857 3365 1859
f 1287 164 3263
f 2581 438 105
f 3133 1866 3128
f 1206 248 3419
f 1206 2407 248
f 467 581 2910
f 1108 1682 1683
f 60 2791 59
f 2056 2055 2682
f 2686 2963 1149
f 3459 1438 120
f 2741 2895 1178
f 315 314 2820
f 3460 3349 2647
f 170 1983 1937
f 1942 1500 1296
f 1864 440 1466
f 1864 105 440
f 1531 1529 695
f 1192 2239 517
f 3273 171 963
f 3273 2698 171
f 3021 218 453
f 3000 3146 1902
f 1637 1469 1638
f 3002 2557 1371
f 3002 2556 2557
f 3326 357 2327
f 3393 2293 3255
f 3393 2292 2293
f 322 781 2330
f 372 2493 861
f 1124 994 995
f 663 1402 1760
f 2820 156 315
f 2276 1194 1195
f 1235 2192 1795
f 1141 1139 2957
f 1141 390 1139
f 1870 1869 544
f 1823 2465 782
f 1823 2338 2465
f 2465 1140 782
f 789 2879 1426
f 1068 2349 3219
f 2526 957 1900
f 1334 2702 547
f 1674 340 692
f 2483 2155 1549
f 2891 610 2647
f 1509 611 610
f 1509 3054 611
f 1987 948 811
f 1934 1933 2696
f 2696 1933 73
f 3092 887 2341
f 3473 3325 2251
f 1546 1333 2688
f 3461 1433 3020
f 3263 939 550
f 2663 3226 2537
f 1437 1435 1530
f 1945 235 1071
f 2509 1052 3010
f 2630 66 67
f 2630 2839 66
f 3160 1896 1897
f 76 3188 573
f 1195 108 2276
f 2415 3462 2414
f 484 483 777
f 3480 3305 2903
f 843 845 2796
f 2251 3325 1008
f 807 1788 420
f 807 2563 1788
f 1166 1284 3477
f 679 1410 877
f 2294 3271 1313
f 2528 763 2053
f 764 1749 1512
f 2434 720 308
f 2590 805 804
f 1591 192 906
f 2979 1404 3323
f 2461 606 2826
f 3181 473 1233
f 2047 2232 2643
f 790 1601 641
f 2994 867 1827
f 1600 2844 3060
f 2816 872 2038
f 300 1207 301
f 300 747 1207
f 217 1207 747
f 2799 365 97
f 1170 2277 1409
f 1628 2773 3233
f 1628 3233 1017
f 3324 3358 1784
f 892 2082 891
f 391 390 1259
f 3206 107 3398
f 1499 1296 1500
f 938 163 1777
f 3056 1589 1588
f 3467 3231 2439
f 3194 1212 769
f 3053 965 3089
f 508 452 118
f 2198 1412 3126
f 448 1361 2196
f 3003 162 1489
f 955 3061 2185
f 2063 1759 1303
f 3468 2882 2599
f 3338 196 2534
f 438 440 105
f 163 3029 1778
f 3343 1953 2506
f 2734 3029 1349
f 1745 1744 1746
f 1651 323 521
f 3091 2471 1973
f 2324 3094 624
f 2123 2124 1857
f 1394 2123 1858
f 2258 259 3451
f 3289 3443 2614
f 3387 709 1400
f 3387 3120 709
f 948 233 2056
f 136 1432 135
f 2605 245 290
f 1275 3244 2905
f 2999 2163 1067
f 2163 2999 379
f 1781 1782 1783
f 672 671 670
f 1355 1669 149
f 1362 2351 1939
f 2796 844 843
f 2796 376 844
f 368 3117 5
f 3140 2318 1
f 691 1704 3140
f 1990 369 212
f 1401 302 2729
f 1401 3075 302
f 1501 885 3188
f 2642 2549 3158
f 273 2958 3012
f 3375 1152 1151
f 3375 2628 1152
f 2390 3399 109
f 1532 1535 2741
f 1887 131 2311
f 392 3447 1193
f 310 2344 3085
f 310 2345 2344
f 1834 3068 2950
f 2190 21 11
f 2048 2643 2812
f 3301 3103 2189
f 1905 1302 2710
f 677 1522 1187
f 780 2323 781
f 1724 1926 3084
f 2501 638 1135
f 1167 2448 3209
f 1676 3168 1674
f 1676 205 3168
f 867 2994 1324
f 3370 2138 2591
f 2244 2243 1569
f 1528 1529 3297
f 2546 3375 2580
f 212 3018 1991
f 1687 1495 2668
f 1293 3200 1947
f 1493 1492 2482
f 2830 1492 2829
f 2006 1024 2007
f 2006 3439 1024
f 2415 1035 2862
f 730 1307 729
f 2698 243 524
f 3141 253 3028
f 1521 1809 465
f 1315 2050 508
f 2061 2989 1038
f 3336 916 3335
f 1306 2986 3136
f 3472 270 2298
f 1004 2287 1005
f 2374 1808 2264
f 3404 1310 699
f 2320 2716 451
f 3389 2419 2420
f 1891 2448 2154
f 2718 2719 1463
f 1883 1882 3456
f 2458 2036 3108
f 1743 1178 2895
f 679 3205 472
f 149 627 2429
f 2795 3135 481
f 2332 2822 1443
f 280 34 46
f 2229 1941 3474
f 845 29 2002
f 2522 3255 2293
f 83 45 44
f 1974 532 1563
f 2498 2497 1666
f 996 1351 998
f 3222 1238 1916
f 3114 2574 1484
f 2948 2588 1557
f 2899 1031 1327
f 3323 1174 1100
f 2966 80 2780
f 1882 1061 756
f 839 169 2052
f 1500 54 2673
f 3221 2135 3087
f 2578 219 1677
f 658 2192 2193
f 1648 1978 179
f 179 1978 2567
f 2315 199 1273
f 2082 3214 2346
f 786 2322 2411
f 2484 2229 1891
f 733 1382 1701
f 2137 448 2473
f 2113 1494 3423
f 986 985 1880
f 1348 304 1452
f 1348 1907 304
f 2641 2019 3442
f 1352 2985 1354
f 784 1775 402
f 2073 1536 486
f 947 948 2682
f 428 2252 3238
f 1134 1133 229
f 3264 1126 1127
f 2003 2024 1122
f 1901 931 930
f 2634 2924 2076
f 2927 659 960
f 2927 2022 659
f 433 2683 2684
f 433 432 2683
f 498 2410 2594
f 562 1716 1609
f 3408 2395 3430
f 1462 1461 1617
f 1282 7 3400
f 3192 348 813
f 1199 1200 1198
f 1369 3131 1368
f 1459 583 173
f 1091 71 582
f 1703 2152 2153
f 1703 2170 2152
f 1035 1569 3395
f 3411 731 2829
f 709 281 2472
f 1433 3021 3020
f 1433 1883 3021
f 1606 1734 3366
f 1313 1413 194
f 863 2757 1070
f 291 2964 2852
f 3183 816 815
f 1160 1470 2604
f 748 1258 541
f 748 482 1258
f 143 2001 742
f 2782 427 1659
f 982 622 983
f 1923 1346 214
f 3438 2115 250
f 601 2115 3438
f 193 3126 2590
f 2106 2000 3055
f 1602 1738 3052
f 3014 494 3051
f 146 2776 2164
f 3412 1475 3032
f 2508 1052 2509
f 2354 1249 537
f 2354 207 1249
f 1248 2494 2696
f 1248 1249 2494
f 1311 2566 1342
f 2777 2883 2372
f 2131 1669 752
f 2697 524 3418
f 1185 1183 3038
f 2213 560 559
f 2133 1604 3147
f 3418 737 3130
f 2737 575 1088
f 2968 642 1498
f 3387 1922 1921
f 1752 946 3409
f 1352 1354 1353
f 807 808 2563
f 16 3333 2120
f 1822 1568 321
f 1567 1566 1568
f 1771 1534 74
f 2654 1133 112
f 217 3270 61
f 130 3335 1030
f 130 3336 3335
f 907 2127 1074
f 2258 1801 3243
f 1221 257 2558
f 2186 1508 566
f 1325 1324 2088
f 1803 2246 2078
f 177 1800 991
f 177 176 1800
f 2896 457 3110
f 1444 3279 3185
f 3468 2096 1242
f 2236 1458 721
f 1671 512 2705
f 1091 394 786
f 870 631 2104
f 2020 305 651
f 2482 2279 3027
f 25 2723 1604
f 2389 1560 3475
f 3475 1560 1561
f 2102 597 886
f 1415 1772 1773
f 851 911 2729
f 984 2868 1164
f 2095 629 2094
f 1351 817 2441
f 516 336 335
f 1349 1350 1969
f 3145 62 2834
f 3145 169 62
f 150 2834 1353
f 150 3145 2834
f 203 563 2813
f 275 1063 419
f 1376 1466 440
f 1740 2548 591
f 1761 1760 2054
f 88 2409 1232
f 385 1573 1572
f 132 134 1704
f 3284 1546 1545
f 2803 2274 1047
f 854 1958 1792
f 2041 847 1163
f 2780 2779 1077
f 1758 2018 2646
f 2875 2280 3121
f 2677 130 3162
f 2678 315 1506
f 2669 2668 2172
f 669 668 1556
f 2443 1099 2442
f 3441 318 395
f 614 2863 2444
f 1454 1455 3186
f 3424 3186 1455
f 624 3094 983
f 2387 1661 2344
f 3093 1847 1000
f 3093 2536 1847
f 64 1678 276
f 1149 1150 2686
f 480 3266 2453
f 480 1868 3266
f 1565 3423 893
f 972 1029 3318
f 3394 2352 2353
f 3335 916 708
f 1397 445 1107
f 425 1370 421
f 3348 2149 3132
f 589 724 1345
f 824 1952 904
f 53 54 638
f 308 1467 1465
f 2288 625 923
f 3462 1198 2414
f 3462 1199 1198
f 1293 1614 2333
f 644 2800 82
f 2265 972 2974
f 1957 1171 2932
f 3100 248 2408
f 1450 2638 2637
f 13 14 2215
f 1222 3259 1223
f 1677 3034 600
f 3034 601 600
f 136 2952 1432
f 2628 823 1152
f 1152 823 1151
f 2039 2528 2040
f 2039 1657 2528
f 2348 2833 2308
f 780 323 2424
f 2424 323 1651
f 2169 3427 1101
f 405 407 3221
f 1632 2220 3075
f 5 2186 1571
f 3166 1762 3165
f 3166 3123 1762
f 1510 3329 3328
f 1294 570 571
f 189 2224 2223
f 1126 1701 2963
f 172 244 822
f 586 9 2043
f 2668 494 2172
f 1905 3001 1302
f 1833 1056 827
f 463 2063 2911
f 2963 2686 2687
f 784 1962 768
f 2293 2426 343
f 706 3042 3250
f 3133 2750 1082
f 1855 671 655
f 1832 484 1145
f 2755 2735 2064
f 979 435 431
f 3163 1555 1473
f 2097 463 2062
f 1105 1108 1681
f 3298 1035 2414
f 3362 1743 2895
f 2791 2638 258
f 1672 2913 2038
f 1000 1846 2089
f 1000 1847 1846
f 233 2598 1515
f 227 2512 228
f 3450 3123 3166
f 3165 3344 3166
f 3166 3344 1507
f 178 1441 1228
f 2188 2309 238
f 1325 3369 1322
f 1885 3267 2874
f 1885 3444 3267
f 1881 564 2313
f 2685 1377 990
f 2685 684 1377
f 815 202 667
f 815 1854 202
f 1627 1019 1626
f 2577 2576 1527
f 2752 2652 1592
f 823 465 1985
f 2363 3339 3083
f 3435 2523 3023
f 3435 2556 2523
f 3147 575 1247
f 1554 668 2779
f 1925 3088 476
f 2437 1231 423
f 1778 1968 793
f 793 2960 1778
f 1138 860 1694
f 310 2346 2345
f 2855 161 2561
f 3171 298 2491
f 713 2624 712
f 1464 461 1060
f 1157 1659 2289
f 2616 2230 2231
f 3101 2468 2881
f 2399 692 693
f 3302 1776 17
f 1192 2173 1650
f 1364 2640 1774
f 2672 1356 1355
f 2454 1356 2672
f 693 2949 2399
f 1037 151 1949
f 3158 12 2642
f 438 2581 755
f 2183 1592 3295
f 2236 721 2227
f 2135 2631 3087
f 869 3206 538
f 1361 1796 2196
f 3086 2573 62
f 2157 1018 3229
f 2696 779 1575
f 272 1902 1685
f 1505 2678 1506
f 2943 3371 2205
f 2368 1601 790
f 455 480 3471
f 1398 2659 2469
f 3260 2976 1684
f 1788 516 515
f 612 1721 1722
f 296 958 1098
f 3142 1436 1437
f 487 3187 788
f 487 2430 3187
f 305 1706 3187
f 2377 1890 672
f 1014 3178 1769
f 1047 2984 1046
f 2496 925 1214
f 1212 3180 1213
f 1773 900 1415
f 1773 1416 900
f 3315 3049 52
f 2728 1513 831
f 228 2512 2514
f 1058 2195 988
f 1060 1631 230
f 683 1022 681
f 962 963 1114
f 1764 2349 1068
f 3293 1884 765
f 765 411 509
f 765 1884 411
f 1780 2073 485
f 3011 2312 2311
f 2264 1808 1040
f 239 2562 1009
f 1955 652 1956
f 1594 1265 1955
f 3360 2722 3125
f 1059 1939 3278
f 1450 2900 1444
f 1059 2263 1362
f 1202 330 3249
f 294 3032 2145
f 1681 1104 1893
f 3277 2971 369
f 1290 3114 1360
f 2574 3114 1290
f 1289 116 2574
f 3152 957 1012
f 2363 1129 1341
f 3220 1899 1545
f 3294 251 1849
f 2216 2390 66
f 1909 3155 238
f 2250 3155 2457
f 1627 2901 1656
f 1627 1626 2901
f 36 1136 2485
f 1442 2332 1722
f 2514 278 228
f 1476 1474 2199
f 261 188 2067
f 1449 1448 1447
f 3009 276 1678
f 3009 3008 276
f 1011 1010 2619
f 1011 2019 1010
f 2361 2924 1929
f 1365 1774 834
f 1365 1364 1774
f 723 2995 1652
f 723 2527 2995
f 1747 2479 934
f 3032 574 2145
f 59 626 1330
f 1457 1378 1379
f 1034 1033 3462
f 2012 2011 1076
f 1472 451 1382
f 2961 1999 91
f 2454 617 616
f 810 1188 1187
f 1430 1431 2
f 2797 646 935
f 935 646 936
f 1364 2170 1703
f 3192 2031 490
f 3192 813 2031
f 1557 1559 1076
f 2573 1851 1207
f 3337 2098 2099
f 3337 1709 2098
f 800 802 801
f 8 586 1783
f 1977 1773 425
f 1977 180 1773
f 635 1987 3404
f 2905 941 493
f 2865 351 353
f 2858 2552 951
f 542 644 82
f 2400 2031 2810
f 3059 1600 1304
f 788 2795 2564
f 1373 3026 2907
f 32 1904 2013
f 2426 2425 2427
f 1463 355 833
f 172 3288 244
f 797 1396 2631
f 2357 1337 3049
f 794 2658 553
f 2048 2812 2897
f 3318 1194 2211
f 391 1507 2160
f 391 1259 1507
f 1393 388 3227
f 374 1180 2064
f 1871 1060 2745
f 2657 840 2331
f 2657 841 840
f 667 2921 815
f 677 2880 1080
f 677 2879 2880
f 2679 2037 904
f 2256 1119 1121
f 306 806 2237
f 306 1701 806
f 468 2625 2695
f 1273 201 2347
f 1273 199 201
f 3215 2082 892
f 3326 2811 903
f 2551 3342 2694
f 2551 1406 3342
f 1136 2867 2485
f 2189 2197 1713
f 2812 2811 2897
f 2812 2676 2811
f 1926 501 500
f 796 1544 2224
f 796 2072 1544
f 3466 3467 1906
f 2883 3223 647
f 436 2518 2517
f 2290 2542 816
f 435 279 3322
f 820 819 406
f 3406 2418 1964
f 2555 2554 3331
f 466 2416 579
f 1225 1726 1727
f 400 2572 2571
f 2923 2634 3204
f 118 2263 2843
f 3164 3036 502
f 2446 1970 2051
f 1476 292 1475
f 3333 16 1698
f 840 1154 3174
f 3102 2822 840
f 1790 1639 3214
f 1198 1200 3298
f 2500 2499 738
f 458 2724 372
f 189 72 795
f 3455 3065 2980
f 374 898 2902
f 2585 1483 281
f 281 1483 280
f 321 3449 1824
f 3400 1652 1121
f 3400 2926 1652
f 1652 2257 2256
f 3455 39 1725
f 1874 2238 2903
f 1548 1731 2319
f 1173 1707 2125
f 3408 2396 2395
f 1179 2492 1178
f 2658 794 795
f 3155 2261 910
f 1446 401 2370
f 881 2747 879
f 881 1470 2747
f 661 75 574
f 2225 1156 1732
f 2225 2303 1156
f 1476 2199 1097
f 1908 2235 2778
f 1908 1699 2235
f 2620 555 1931
f 403 2559 505
f 505 3124 289
f 963 962 3081
f 110 2541 3230
f 1326 1162 3300
f 2273 2763 3417
f 776 775 1322
f 2696 2494 1934
f 1274 964 2592
f 1468 2959 3261
f 2861 370 3341
f 2419 2539 24
f 1712 706 907
f 2425 2292 1878
f 1878 2292 3306
f 846 609 847
f 2908 959 2403
f 545 1374 710
f 291 75 292
f 3079 3385 2086
f 2774 3446 533
f 336 598 335
f 3320 1993 1117
f 2477 382 3148
f 447 943 1361
f 2857 1150 44
f 2857 871 1150
f 1839 1838 2589
f 418 3400 7
f 2675 173 902
f 875 2112 3228
f 2034 2033 2587
f 2347 3183 1272
f 2760 981 1991
f 3140 2196 1796
f 2731 536 3067
f 1290 1360 1359
f 146 1423 999
f 901 1978 2726
f 1005 2288 1004
f 3453 3376 686
f 841 157 158
f 1057 3234 1738
f 3052 1738 2738
f 3111 2470 1919
f 3057 3263 550
f 2917 908 1695
f 1964 1486 1487
f 2790 2007 1024
f 2790 792 2007
f 1527 51 1337
f 2966 2588 2948
f 2288 1005 625
f 487 1338 2816
f 2335 2870 2871
f 3000 970 3146
f 289 85 3092
f 380 2357 3048
f 120 771 401
f 1445 1502 3156
f 2190 1073 1172
f 2299 3439 1658
f 3340 3437 1092
f 383 1264 1443
f 732 138 945
f 238 2309 237
f 835 477 836
f 1078 1107 3129
f 535 1397 1078
f 2521 3271 2931
f 3302 271 736
f 584 3251 587
f 2702 1400 2729
f 639 928 2316
f 639 2203 928
f 578 577 1612
f 3114 2262 237
f 3403 147 2214
f 1820 1818 127
f 1818 1140 95
f 96 1448 2098
f 494 2668 1495
f 495 673 1890
f 2799 1779 2846
f 3028 949 40
f 1308 2670 2669
f 1998 2919 873
f 2360 98 49
f 1061 2519 802
f 2674 2811 2676
f 2350 2066 2161
f 1362 452 2351
f 2254 827 1056
f 531 3459 711
f 2417 50 2416
f 1490 85 3124
f 3402 1960 2267
f 76 1501 3188
f 76 3189 1501
f 383 2847 42
f 568 1086 181
f 1086 1895 181
f 1964 1487 2656
f 1813 523 522
f 536 897 896
f 1256 3405 3024
f 1834 2950 2988
f 3377 2603 177
f 757 1963 1811
f 229 228 2815
f 228 1367 2815
f 228 278 1367
f 3400 417 2926
f 412 2174 1852
f 3019 157 606
f 3134 556 1692
f 1375 1537 1536
f 2279 2830 3119
f 2279 1492 2830
f 2603 3377 3009
f 2405 339 1422
f 478 479 2307
f 2680 25 2445
f 1308 1688 1687
f 498 16 1872
f 2969 834 1055
f 1291 1590 3448
f 1291 1588 1590
f 249 2578 600
f 149 1669 2892
f 1134 2815 2320
f 2815 2716 2320
f 238 3155 2188
f 579 1481 581
f 793 2754 2960
f 793 3481 2754
f 1665 144 1188
f 791 3282 43
f 1442 3157 1965
f 2298 3361 2932
f 1674 3168 1675
f 206 1673 3168
f 381 909 3425
f 381 26 909
f 76 1043 3189
f 1417 2141 2806
f 2507 975 1417
f 55 1254 1255
f 1311 2567 180
f 1042 2409 3239
f 1960 3402 708
f 173 2675 1459
f 317 316 1403
f 314 2678 321
f 1543 2746 412
f 2317 2930 548
f 3254 2984 746
f 3254 1046 2984
f 382 1057 1154
f 2525 2524 251
f 141 140 507
f 2625 468 976
f 2593 1209 3278
f 2593 1379 1209
f 1640 1639 1300
f 2318 940 3244
f 1473 1555 290
f 2309 2310 2626
f 302 2220 303
f 3150 1958 937
f 352 2876 353
f 2222 334 546
f 1573 1595 2577
f 1573 3226 1595
f 1111 2399 2949
f 3265 820 47
f 47 820 405
f 2967 2787 1216
f 2705 634 513
f 3482 2808 2945
f 1044 772 590
f 591 3392 1740
f 591 1308 3392
f 2885 2470 3051
f 2667 2010 2765
f 1606 3014 183
f 3111 183 3014
f 1871 2513 1845
f 3332 2197 1711
f 6 2166 1314
f 3286 647 3223
f 759 426 3274
f 166 3017 3015
f 2462 2801 2335
f 891 415 101
f 1530 1528 3297
f 1530 2204 1528
f 2201 958 296
f 3015 3016 2711
f 386 2423 2992
f 386 216 2423
f 3343 2506 2664
f 197 1398 2469
f 197 1399 1398
f 1202 122 2017
f 3218 2898 1068
f 162 2540 2541
f 408 700 3284
f 1801 2721 3243
f 1837 160 1836
f 1837 3109 160
f 2815 2132 2716
f 457 2371 3110
f 2932 1171 3071
f 1608 1610 850
f 3246 53 3118
f 296 295 2504
f 1630 2596 1629
f 3118 256 2433
f 1445 1031 1502
f 1700 1733 1383
f 2906 789 1186
f 3030 1271 2140
f 2517 444 436
f 2517 3067 444
f 967 2832 2406
f 2700 1262 2699
f 3304 1644 2953
f 2247 2595 656
f 1051 2806 1541
f 867 2804 623
f 2866 1975 360
f 907 736 1712
f 367 2799 368
f 368 2799 2846
f 2918 3107 81
f 3117 368 2846
f 1520 2730 799
f 1520 3050 2730
f 2804 622 623
f 1470 274 1503
f 2765 2342 1661
f 57 1128 1562
f 3072 1227 1228
f 593 592 2176
f 2943 2205 2206
f 3057 1579 1287
f 1395 2579 366
f 1364 1703 2171
f 2185 2766 954
f 2185 1895 2766
f 2221 2748 303
f 986 2996 3445
f 970 3000 2602
f 1929 1306 1307
f 2014 1013 377
f 2876 2970 2865
f 2423 33 2633
f 1535 2059 2060
f 1819 2957 2323
f 1819 1820 127
f 2731 2517 2519
f 3102 381 2520
f 848 22 186
f 1383 3338 1582
f 554 2620 553
f 554 1503 2620
f 2328 1763 2788
f 2596 1050 2385
f 1497 730 1565
f 2369 3372 3108
f 1284 1723 1285
f 1308 1309 3392
f 3004 529 1089
f 3218 1068 3219
f 2182 2793 842
f 2531 858 859
f 770 769 1211
f 1720 2542 2291
f 1364 2388 430
f 3257 256 203
f 2148 1623 1381
f 1264 3410 607
f 3374 183 3111
f 14 13 3253
f 1427 2359 2358
f 2961 91 90
f 3361 270 2336
f 3361 2298 270
f 33 2860 3334
f 520 2740 1347
f 1138 1694 2493
f 35 771 2608
f 2182 3281 528
f 3193 2627 2781
f 1799 511 3346
f 3380 881 879
f 3482 115 3022
f 3358 1277 1742
f 2160 428 3238
f 2727 1085 1577
f 2839 1037 1679
f 2952 81 1945
f 1419 154 2652
f 594 592 602
f 563 562 1609
f 3080 725 2582
f 1994 103 731
f 2577 1001 265
f 1981 413 1538
f 1981 973 974
f 887 85 2101
f 2065 1448 1449
f 2203 3242 2202
f 2080 3190 611
f 2342 1045 2343
f 2342 1044 1045
f 2446 472 2941
f 1504 2978 3449
f 1428 2584 1281
f 3483 2929 1667
f 3172 3089 3407
f 80 2011 3384
f 407 405 1424
f 1498 344 2968
f 1498 346 344
f 2183 174 2972
f 963 171 1114
f 1680 2783 3028
f 2988 2950 38
f 1505 654 312
f 138 137 599
f 81 2952 136
f 1877 215 3006
f 3116 2599 3416
f 1979 731 3411
f 1063 1321 1062
f 1063 776 1321
f 2179 1031 2899
f 178 1800 1441
f 2592 964 1668
f 1297 3274 3350
f 3465 3324 918
f 3249 122 1202
f 2016 1201 1202
f 1523 408 3284
f 2219 2238 2218
f 3149 3079 2497
f 2111 1339 993
f 3046 1112 3047
f 2302 231 2057
f 2089 1846 2090
f 1328 1329 2129
f 2328 1230 2327
f 2685 3176 684
f 1606 3366 2402
f 2560 161 3023
f 1672 2038 1675
f 3334 376 375
f 517 1782 1781
f 2585 1921 1373
f 2880 789 1374
f 1101 133 2169
f 1966 946 1752
f 2225 1732 2920
f 2483 2484 1891
f 2108 1258 2538
f 2032 2284 257
f 1342 3463 3310
f 2585 1373 910
f 2590 804 193
f 2401 2403 959
f 2015 1222 1983
f 1670 620 1669
f 1670 2159 620
f 3468 191 2096
f 2096 326 325
f 2096 2373 326
f 2096 191 2373
f 318 3441 2480
f 1893 1104 1169
f 3009 277 3008
f 1303 462 3296
f 3164 2072 198
f 1586 1587 2474
f 3318 1029 1028
f 2503 1095 1094
f 2503 246 1095
f 2845 508 2050
f 2254 1056 2049
f 3021 3456 218
f 1083 1333 701
f 1707 2461 2125
f 3268 185 268
f 2995 1346 1345
f 404 1445 3156
f 593 2776 592
f 1646 1647 2856
f 1630 414 3237
f 1541 2806 1629
f 2110 864 2372
f 2725 1753 3457
f 461 1464 3308
f 1915 1913 1984
f 1812 3447 523
f 2665 1285 1723
f 137 138 2918
f 1040 2412 3094
f 811 365 2535
f 2569 3182 297
f 628 750 1026
f 628 2893 750
f 3396 2922 2923
f 1465 715 2435
f 2434 2435 3433
f 1467 1864 1465
f 1499 2673 1296
f 1596 1597 204
f 2755 2064 2946
f 2362 378 2107
f 2809 15 918
f 1886 2874 2873
f 1023 812 2175
f 484 1456 1144
f 3080 2582 2998
f 869 538 485
f 1620 953 1618
f 1089 529 2777
f 1928 1929 2922
f 2253 665 1841
f 180 2726 1773
f 3345 19 809
f 1708 1099 1100
f 97 2276 2799
f 2312 2071 272
f 1890 673 672
f 1448 96 2607
f 2161 1699 2350
f 1410 679 2051
f 3060 2844 3231
f 3404 699 3415
f 635 2598 948
f 3144 1378 2104
f 207 2354 1245
f 641 2193 2814
f 2503 2304 2303
f 2238 3480 2903
f 2903 3305 2783
f 1933 3329 1510
f 1172 3201 1728
f 1705 754 755
f 2841 2155 2154
f 3169 1539 1540
f 3169 511 153
f 266 265 1065
f 2711 2609 3015
f 45 1729 44
f 2601 1526 970
f 2320 2115 1134
f 2652 3295 1592
f 3320 104 1994
f 2239 774 1782
f 2239 2740 774
f 1438 1607 3374
f 2428 108 1027
f 3081 822 929
f 3081 962 822
f 1952 1285 1953
f 2550 142 3179
f 1967 352 1616
f 1903 3390 1904
f 2443 2444 1099
f 366 811 1395
f 894 893 2482
f 2443 614 2444
f 2901 1655 1656
f 2730 1656 1655
f 2181 2180 3363
f 612 1722 2168
f 760 3138 269
f 2771 1490 1794
f 2183 2184 561
f 1804 3229 1805
f 2124 389 1857
f 2137 1359 1358
f 2909 29 2825
f 2997 775 777
f 573 2296 2481
f 2020 2641 3442
f 1185 2870 2335
f 1520 2925 3050
f 1520 2032 2925
f 1502 637 1446
f 807 1062 1321
f 848 2042 1163
f 142 743 3179
f 142 742 743
f 1041 598 336
f 1400 709 852
f 860 364 1694
f 13 1800 178
f 3354 2214 147
f 3392 247 1740
f 3392 2272 247
f 2813 1611 203
f 2850 1723 1166
f 3176 2980 3065
f 3298 2268 1035
f 2086 3385 2085
f 906 192 2015
f 4 2859 1654
f 2002 1719 845
f 1210 1212 1213
f 743 2001 2767
f 2470 2471 1215
f 2460 1873 2125
f 3344 3165 3056
f 1707 606 2461
f 1327 3162 2939
f 2966 1161 2588
f 2761 3203 2182
f 1645 2117 1646
f 1804 1017 3233
f 2026 3286 3261
f 2174 1666 2903
f 884 483 1832
f 2233 404 2559
f 239 1009 2661
f 2016 2017 1050
f 953 1972 2744
f 953 1281 1972
f 962 172 822
f 1095 668 3163
f 1095 1556 668
f 2580 1151 2355
f 1779 2276 3104
f 2748 2222 303
f 1230 2774 2549
f 654 1505 1506
f 2435 715 284
f 3132 1551 2150
f 711 637 531
f 3118 53 638
f 3292 2498 1666
f 174 678 1410
f 2549 2774 3158
f 2357 3196 1337
f 3299 610 1756
f 2005 3242 2023
f 3326 903 2478
f 3063 2358 759
f 1717 563 260
f 776 1322 1321
f 890 2548 1740
f 1349 2397 2734
f 865 1730 2242
f 552 1204 883
f 2187 867 623
f 1225 2447 1726
f 1726 2447 2314
f 2776 146 998
f 2726 1416 1773
f 2726 479 1416
f 409 411 18
f 337 2067 188
f 1945 3217 2952
f 2651 643 184
f 1602 1088 1604
f 565 1956 270
f 565 1508 1956
f 1205 2929 3483
f 1779 3104 2136
f 984 349 1613
f 2479 2153 1363
f 3112 474 1716
f 3374 3111 1919
f 1344 724 3414
f 1344 1345 724
f 2692 1647 2854
f 1793 2910 712
f 1856 3121 2124
f 2569 297 1098
f 1067 2162 3041
f 3041 2162 406
f 753 178 1227
f 1118 2537 3226
f 1946 3382 1811
f 1854 2543 1503
f 1695 861 1693
f 1113 572 2992
f 2079 883 3190
f 3190 883 1203
f 2862 2143 2329
f 994 1124 1823
f 3139 68 69
f 1594 1508 3210
f 2724 458 3043
f 1963 1810 1811
f 28 2087 27
f 896 442 444
f 2855 348 2856
f 3391 636 1084
f 3042 706 705
f 2708 1255 1514
f 2660 1081 2659
f 2660 2069 1081
f 3134 1693 1694
f 558 328 1543
f 558 1052 328
f 622 982 2422
f 2653 2127 1950
f 2458 2411 2036
f 1843 227 915
f 3413 1454 1798
f 1888 899 1283
f 899 1992 1283
f 2659 3379 2469
f 2154 2448 1167
f 70 1391 1755
f 2920 246 2225
f 1906 3467 2439
f 786 394 2322
f 1296 3274 1297
f 1109 160 3109
f 2383 3456 1006
f 1137 3184 241
f 3062 331 3292
f 1979 1241 731
f 1339 788 3321
f 604 3018 1148
f 604 3426 1253
f 1318 1317 198
f 404 530 2890
f 336 1232 1041
f 1232 1042 1807
f 472 2446 2051
f 83 44 1150
f 613 1099 608
f 3138 3378 3224
f 2738 3230 2541
f 2517 2518 2519
f 2831 1390 1775
f 3432 1020 1017
f 1458 825 826
f 778 364 3060
f 3112 1716 1717
f 1411 12 2866
f 2718 832 3340
f 1733 3338 1383
f 1158 2001 1179
f 1272 78 1273
f 1316 2713 2714
f 1316 555 2713
f 2295 1495 1687
f 2651 1887 398
f 378 903 2107
f 378 2478 903
f 2805 1051 1052
f 161 2692 3023
f 3360 298 2639
f 1062 807 419
f 883 1204 1203
f 1809 1901 822
f 2808 3482 1635
f 2233 2875 1445
f 1187 1918 810
f 3042 458 3469
f 1765 2359 1766
f 1340 1632 1634
f 970 2602 2601
f 850 848 261
f 850 849 848
f 2568 1796 943
f 2571 399 400
f 2723 3102 3174
f 2132 542 2716
f 941 702 493
f 262 2851 2592
f 1783 583 1459
f 1783 586 583
f 1948 1540 327
f 2013 2014 393
f 1462 1617 2865
f 2898 454 309
f 492 1829 1275
f 507 1181 141
f 2560 84 858
f 2919 872 873
f 986 1879 286
f 986 3445 1879
f 808 2409 88
f 1679 64 65
f 1679 1440 64
f 2703 3164 502
f 2172 1829 2669
f 1787 1599 1786
f 1802 1367 46
f 2955 1108 1015
f 2955 2495 1108
f 3066 125 665
f 1139 2330 781
f 1713 2197 2655
f 1974 2073 534
f 1891 2229 3474
f 2454 2672 618
f 1373 2249 3026
f 1260 2120 3440
f 1750 2807 2275
f 3406 2539 2419
f 2165 1357 357
f 2043 1867 3434
f 806 82 1526
f 2372 2883 1686
f 1278 3322 2169
f 2169 279 3427
f 239 1580 2562
f 142 1436 143
f 654 3073 1411
f 698 367 368
f 2560 2175 2561
f 2103 870 100
f 2051 679 472
f 3034 1133 1134
f 2707 2708 2140
f 2558 2792 258
f 1628 1017 1020
f 1265 2177 1955
f 535 119 1397
f 2620 1931 553
f 3103 3301 17
f 387 1226 599
f 3144 2104 1842
f 1086 2766 1895
f 2161 1403 1699
f 809 19 2842
f 2112 876 3228
f 2149 874 876
f 874 3228 876
f 2200 662 2201
f 1474 3412 662
f 692 2393 31
f 24 1965 3157
f 2497 1874 1666
f 3145 2052 169
f 3455 3303 2953
f 1834 2436 1833
f 2907 3026 710
f 2708 1514 2140
f 905 2084 3159
f 2315 78 3470
f 3135 1706 1011
f 977 2958 3151
f 1019 2158 2823
f 1524 2735 734
f 1521 1901 1809
f 1521 821 1901
f 1255 2689 1898
f 3458 193 1469
f 3202 193 3458
f 2468 1146 1147
f 3327 1835 2226
f 2331 840 2822
f 163 1286 3029
f 3191 2759 993
f 738 2653 1950
f 2493 363 1138
f 2493 372 373
f 2929 1205 540
f 2740 392 1193
f 1835 825 2227
f 3220 2688 3030
f 3398 2763 3206
f 3398 2390 2763
f 2390 855 2763
f 2390 2216 855
f 2872 691 1280
f 3387 1334 1922
f 1309 2669 2671
f 389 388 3365
f 2980 3082 124
f 1506 315 313
f 1886 1449 504
f 3376 3453 1861
f 2771 1794 1491
f 1326 3300 1040
f 2436 2049 1056
f 756 802 68
f 1064 1065 50
f 1189 1892 2483
f 2868 984 2867
f 3243 2721 2142
f 3097 1053 1021
f 3181 1233 1793
f 2307 3430 2395
f 2395 726 2307
f 2395 2396 726
f 2693 726 2396
f 80 2779 2780
f 80 3384 2779
f 1625 649 650
f 1625 651 649
f 1055 204 1597
f 2354 537 2031
f 2923 3204 3396
f 1971 1164 1165
f 490 537 1087
f 2136 2762 3117
f 633 1642 2094
f 852 853 851
f 2504 1097 2199
f 1907 2150 1551
f 2984 745 744
f 226 3099 1421
f 2726 180 901
f 1957 3361 1876
f 1957 2932 3361
f 2779 669 1077
f 202 79 667
f 963 242 3273
f 946 2725 3409
f 2484 1455 2229
f 398 2312 1685
f 3297 1039 140
f 2366 1542 2017
f 1468 110 2959
f 2959 110 2255
f 1741 1914 3237
f 387 599 944
f 3151 213 1729
f 2207 2205 1461
f 2857 978 212
f 3194 2622 11
f 2630 1037 2839
f 604 1253 1991
f 3095 2664 2666
f 2207 1226 2205
f 570 987 571
f 3095 2666 477
f 1335 538 1792
f 1081 3379 2659
f 671 2487 670
f 1431 1430 646
f 86 159 2126
f 1227 751 2131
f 13 753 752
f 3414 724 307
f 2920 666 246
f 3210 3138 760
f 1576 287 1016
f 1576 2768 287
f 2041 3328 847
f 2354 1532 347
f 1088 1602 3052
f 806 1701 1382
f 2416 1996 1997
f 2679 1486 2037
f 841 2656 157
f 3160 565 3472
f 79 2780 1077
f 2054 317 808
f 1711 1744 1663
f 1663 1745 3362
f 3070 1663 3362
f 1545 1546 2688
f 1575 1248 2696
f 894 2887 893
f 2887 2888 1798
f 1988 158 758
f 1644 3304 648
f 2219 936 2594
f 1210 1211 769
f 1352 745 2985
f 1566 2424 1651
f 3382 757 1811
f 2311 131 397
f 939 3443 2930
f 939 2614 3443
f 3249 330 965
f 1862 370 2583
f 1862 3341 370
f 2364 588 587
f 2364 3083 588
f 3002 704 1814
f 1830 283 2615
f 193 3202 3126
f 469 2778 320
f 2474 3368 1586
f 3300 1162 507
f 186 2624 2042
f 186 2623 2624
f 1802 2246 1803
f 2624 976 2042
f 1614 2492 3142
f 3416 2882 982
f 2802 3360 2639
f 399 2571 3268
f 3385 1894 2085
f 1750 1752 2198
f 1033 2797 3462
f 2030 2029 1651
f 1526 2237 806
f 1526 2601 2237
f 2785 1196 377
f 2681 2625 1482
f 2681 2695 2625
f 106 2386 3463
f 3463 1342 3399
f 1752 3409 2198
f 3017 2712 491
f 3017 1558 2712
f 1558 3017 166
f 1009 1295 2251
f 912 1464 913
f 465 18 1985
f 18 2121 1985
f 1227 2300 751
f 1227 2511 2300
f 1544 2072 878
f 1576 1016 3007
f 1231 645 1949
f 2423 1113 2992
f 2423 2633 1113
f 1464 1060 913
f 1681 2976 1104
f 1151 2580 3375
f 2319 3155 2250
f 2275 1395 947
f 3006 214 2662
f 2314 2447 1587
f 154 2281 1828
f 403 1886 2873
f 1788 2563 516
f 2985 2274 148
f 3159 2084 6
f 2660 1080 2069
f 1472 733 250
f 232 526 231
f 2401 1275 1829
f 3454 544 2514
f 3454 1870 544
f 3332 859 2197
f 3225 603 1101
f 416 1110 1961
f 3482 2945 115
f 1893 1169 2962
f 90 1169 741
f 616 20 2538
f 3071 1171 567
f 567 1580 568
f 624 983 777
f 1291 2894 1507
f 2555 509 244
f 923 1135 2289
f 3050 2925 2859
f 485 538 3352
f 2355 1105 1168
f 627 2308 2429
f 3100 855 2008
f 2593 3278 1938
f 1622 1862 3033
f 922 1717 260
f 3069 1276 973
f 2838 2216 66
f 753 13 178
f 3186 2758 1454
f 2828 519 3216
f 2828 2502 519
f 2352 2550 2353
f 2920 2921 666
f 2921 667 666
f 2681 1910 2695
f 399 1233 400
f 2207 1461 1462
f 132 2169 133
f 1682 1801 1683
f 2909 2690 29
f 2690 2002 29
f 1609 1608 2813
f 935 2218 1199
f 935 936 2218
f 3050 1654 2730
f 3050 4 1654
f 2751 2648 187
f 99 797 2631
f 2631 1396 3087
f 2250 2906 596
f 745 1696 744
f 927 1718 77
f 2697 2015 1075
f 3290 906 2015
f 2127 2128 1074
f 2127 2653 2128
f 1586 3368 216
f 539 1958 854
f 1791 3214 3215
f 3280 1048 2491
f 479 478 1416
f 878 2224 1544
f 1171 2553 567
f 664 3239 2409
f 484 777 775
f 1456 275 1144
f 2422 982 2882
f 3468 1242 1730
f 1526 82 2800
f 3087 1396 2134
f 3103 1744 2189
f 2258 3243 259
f 951 3281 1654
f 2215 3354 991
f 463 2097 126
f 391 2160 1153
f 3377 3420 3009
f 252 2790 1024
f 1240 1237 3115
f 1986 2629 1698
f 1857 1859 2123
f 1132 3034 1677
f 2832 1826 417
f 678 1621 3035
f 1935 621 1936
f 200 2291 2290
f 3281 3203 798
f 3281 2182 3203
f 1941 1007 1740
f 3387 1400 2701
f 435 1253 279
f 1995 267 2853
f 203 3258 3257
f 1997 429 1747
f 429 1997 1996
f 1149 2963 306
f 3407 3089 3088
f 3196 3198 2533
f 1608 2067 2368
f 2306 2728 2529
f 381 3102 25
f 1746 740 1743
f 1951 905 2938
f 60 2638 2791
f 515 335 2012
f 515 2012 1076
f 2597 267 2025
f 2597 399 267
f 3042 3469 1950
f 3256 140 1947
f 3117 2846 1779
f 438 1123 439
f 2826 606 605
f 818 1817 2782
f 3330 762 765
f 3049 1424 3048
f 678 3035 3132
f 325 326 514
f 3214 1791 1790
f 3195 1326 2324
f 2848 2847 383
f 1851 453 2382
f 1100 350 3428
f 1546 701 1333
f 1650 520 1347
f 636 3391 1867
f 3369 2088 167
f 3369 1325 2088
f 3100 2408 3101
f 2361 1929 1307
f 2085 2269 2268
f 477 3324 3465
f 1019 1627 1018
f 205 1274 2851
f 902 3339 2107
f 902 3083 3339
f 2284 1520 2694
f 30 1180 1719
f 2913 1672 2912
f 2912 1672 1673
f 1126 3264 733
f 2056 233 2057
f 1809 822 244
f 2310 19 447
f 2626 2310 447
f 1794 2369 3108
f 2280 3267 389
f 1576 1879 3445
f 17 3301 3302
f 1293 880 1614
f 1659 1660 2288
f 954 955 2185
f 1986 1151 2629
f 655 887 2589
f 1308 2669 1309
f 3005 58 1865
f 692 1676 1674
f 1093 1092 2744
f 2725 3457 2119
f 3409 1754 1412
f 2725 2119 1754
f 3025 1263 2103
f 3025 324 1263
f 310 889 2346
f 1397 446 445
f 2756 898 2064
f 2608 71 35
f 2171 2388 1364
f 2171 1002 2388
f 3041 2164 1067
f 3041 146 2164
f 652 653 2336
f 2825 29 2394
f 778 1268 1269
f 1153 2252 3312
f 1897 1896 2298
f 1636 945 138
f 1321 1761 807
f 2067 1976 2368
f 2526 1900 1328
f 2502 1166 3477
f 2502 2828 1166
f 2301 631 2743
f 3421 2714 2713
f 3421 3211 2714
f 1718 3211 3421
f 3353 3253 619
f 2053 2052 2833
f 2992 572 1736
f 3342 1406 2284
f 1748 3293 1512
f 2486 1450 3110
f 1697 16 498
f 498 2594 1430
f 256 260 203
f 256 638 260
f 2957 1819 127
f 2829 1492 1493
f 2405 1422 1601
f 3348 559 2149
f 267 2965 2025
f 1570 3061 955
f 1115 5 1571
f 2671 2669 1829
f 1150 1737 456
f 1150 871 1737
f 3189 895 1501
f 3189 1043 927
f 927 1043 3036
f 1234 2572 400
f 1234 923 2572
f 2305 2835 345
f 1686 2371 457
f 1686 2883 2371
f 2310 2309 19
f 1403 2066 317
f 1403 2161 2066
f 1008 1350 2661
f 2465 2464 2466
f 2942 1624 2394
f 3312 1384 1583
f 511 2437 3346
f 3351 67 2390
f 2740 1193 9
f 2208 705 3213
f 1650 521 520
f 592 2776 602
f 282 3435 1288
f 1215 2471 3091
f 857 2209 3213
f 110 2477 1072
f 933 2153 1944
f 933 1363 2153
f 1884 3440 410
f 2405 791 339
f 1177 783 785
f 410 411 1884
f 812 2059 2810
f 885 597 573
f 885 886 597
f 2956 2321 1184
f 879 795 72
f 869 868 107
f 2615 2587 1830
f 505 2065 1449
f 2134 2092 2287
f 2334 3200 2333
f 1162 1932 190
f 1643 2095 2241
f 2629 823 1985
f 1268 3231 1271
f 26 2680 909
f 3403 2214 3353
f 39 125 3066
f 1748 1260 3293
f 403 505 1449
f 2559 3124 505
f 695 3074 1531
f 2215 991 1800
f 1690 383 1443
f 2877 222 2876
f 2822 2332 2331
f 2868 2867 2379
f 3380 1758 1980
f 3380 2018 1758
f 2432 344 1598
f 1598 3118 2432
f 129 1030 3401
f 2119 525 1412
f 1798 1797 1007
f 2615 856 2034
f 1918 1187 1522
f 1987 635 948
f 1730 1242 2242
f 1229 2675 2676
f 1229 1459 2675
f 2604 2712 1558
f 3116 1808 2374
f 3337 674 2476
f 1676 2035 205
f 488 1409 1574
f 544 2745 911
f 513 2704 2705
f 513 2095 2704
f 2594 646 1430
f 3024 992 1256
f 42 1264 383
f 2140 1270 2707
f 1032 1856 288
f 1856 1445 3121
f 2891 846 3329
f 2891 3349 846
f 273 3012 3013
f 2541 2916 162
f 3476 2802 3171
f 2013 3272 2195
f 1172 1073 1072
f 2051 1970 174
f 2482 893 3423
f 1621 1197 3035
f 2916 1468 2915
f 1534 1246 347
f 2700 3441 1262
f 3129 2488 442
f 1828 3113 154
f 985 967 564
f 809 2842 2841
f 2922 2987 1928
f 2922 145 2987
f 434 3322 688
f 434 435 3322
f 2062 463 626
f 261 2751 188
f 261 848 2751
f 2273 1792 3206
f 1982 1762 3259
f 2248 644 543
f 514 3137 325
f 2421 689 691
f 2040 2348 628
f 1318 555 1316
f 1318 1931 555
f 2675 903 2674
f 903 2811 2674
f 1563 1376 285
f 2899 2180 2179
f 1314 2826 605
f 1314 767 2826
f 3224 595 1368
f 2926 2527 723
f 1512 762 761
f 2105 1022 17
f 2105 17 464
f 610 2645 1756
f 610 611 2645
f 727 179 2386
f 3372 2369 2370
f 2209 857 1371
f 1876 2768 1957
f 827 825 1835
f 2149 3357 1551
f 2149 876 3357
f 1038 2845 2050
f 2399 3364 168
f 1354 148 1048
f 1354 2985 148
f 49 2176 2360
f 49 593 2176
f 2537 1118 384
f 2176 385 2360
f 2176 384 385
f 169 1429 62
f 350 612 2168
f 2484 2483 1892
f 2504 1156 1097
f 576 468 2695
f 2679 2938 905
f 2208 2209 3185
f 1579 1286 1287
f 2709 55 2708
f 2709 2217 55
f 2217 3307 55
f 2217 210 3307
f 3259 2459 1143
f 769 770 2622
f 2421 687 688
f 1803 543 2132
f 1865 3434 1866
f 1865 3251 3434
f 3251 2043 3434
f 1248 537 1249
f 1248 1247 537
f 1847 2388 1846
f 1847 430 2388
f 1248 1575 1247
f 2819 321 1191
f 2819 314 321
f 662 958 2201
f 3076 22 473
f 145 1664 2987
f 56 1927 1664
f 771 35 1387
f 2258 1903 2259
f 3133 1082 1866
f 2512 3454 2514
f 2358 2359 1765
f 2804 867 1324
f 775 1323 1324
f 775 2997 1323
f 1772 269 3131
f 729 1840 1496
f 888 2247 656
f 1659 1157 1942
f 2049 2149 559
f 559 2254 2049
f 2683 432 235
f 359 358 3047
f 1654 1656 2730
f 1654 798 1656
f 2963 1701 306
f 1412 525 2339
f 2466 1388 3044
f 1605 2440 2441
f 2260 645 3269
f 1085 2727 2766
f 1039 2989 140
f 1327 288 2677
f 3334 375 374
f 2918 136 135
f 2958 2071 1478
f 2305 932 2836
f 2467 3319 1140
f 3039 1606 183
f 2402 2401 494
f 2404 1190 2908
f 973 917 2621
f 973 1276 917
f 346 1943 2969
f 346 1944 1943
f 974 413 1981
f 1324 1322 775
f 1324 1325 1322
f 2323 1139 781
f 2323 2957 1139
f 3030 2140 3220
f 1238 2929 1916
f 2252 557 1786
f 2252 428 557
f 501 1724 1723
f 501 1926 1724
f 3477 1284 1285
f 2819 2173 94
f 2029 2173 2819
f 3354 14 2214
f 3354 2215 14
f 2038 649 2816
f 31 1831 2035
f 2035 692 31
f 570 1295 3161
f 2258 2944 1801
f 1399 333 838
f 2610 275 2609
f 2682 948 2056
f 3242 2270 2202
f 3242 2005 2270
f 1508 1954 1956
f 1508 1594 1954
f 2102 291 2852
f 2102 886 291
f 46 709 2472
f 1553 1657 2006
f 2326 2325 2010
f 830 2617 2618
f 3271 1413 1313
f 1766 594 602
f 2203 639 3242
f 3009 3419 277
f 277 3419 248
f 458 908 3469
f 1799 195 511
f 1099 2975 608
f 3177 245 2964
f 3177 290 245
f 2964 245 2852
f 2262 1920 2261
f 3222 1916 749
f 1986 2 2356
f 2837 2814 657
f 2837 1611 2814
f 2649 1439 3077
f 3474 2448 1891
f 3270 746 744
f 3270 747 746
f 2905 493 1275
f 762 3330 510
f 3131 1370 425
f 1330 1012 59
f 951 2859 2858
f 1519 3347 59
f 1272 3183 2569
f 2843 2374 1315
f 3325 734 1969
f 3325 1294 734
f 1630 121 2596
f 2191 2515 2516
f 2807 2212 2275
f 1408 2715 1116
f 862 3106 1141
f 3055 1091 925
f 3439 2299 1024
f 2789 1594 760
f 2475 2476 673
f 1385 2611 390
f 1385 1583 2611
f 2622 3194 769
f 3239 3240 1042
f 1224 2313 564
f 1389 215 1877
f 94 2230 2616
f 3208 2637 2638
f 1458 1378 2817
f 3375 2546 2628
f 421 1977 425
f 421 2431 1977
f 1433 3461 1434
f 2234 1439 320
f 2014 377 1196
f 803 805 1547
f 805 2590 2339
f 527 770 952
f 950 1261 40
f 3297 3256 1530
f 2547 821 1521
f 2547 1999 821
f 2864 2514 852
f 3386 999 1423
f 2356 2 739
f 3368 2423 216
f 3368 33 2423
f 2474 1587 1432
f 1894 3385 3079
f 213 273 2849
f 3384 3383 2779
f 1867 3391 1083
f 3391 1333 1083
f 2602 977 1525
f 2602 1525 2601
f 1669 2131 2892
f 1479 1516 3082
f 187 2648 3098
f 2788 1564 3446
f 778 556 364
f 2129 211 956
f 1023 2532 812
f 812 2532 2059
f 2597 1793 1233
f 3313 601 3438
f 470 471 2863
f 2924 2923 2922
f 2613 3289 938
f 1785 2872 1280
f 78 1272 2569
f 526 1414 3127
f 1636 138 3313
f 2884 2295 2325
f 3067 2517 2731
f 1343 1863 307
f 324 1197 561
f 2947 2754 2755
f 552 1980 1204
f 2895 2060 2059
f 3291 2895 2059
f 800 68 802
f 2134 185 2092
f 938 2612 2613
f 938 1392 2612
f 729 2114 730
f 659 2022 1671
f 214 2926 1826
f 1228 2739 3072
f 3197 379 3198
f 1710 2607 96
f 689 2421 1278
f 1137 373 2724
f 2776 593 2164
f 3110 1450 1444
f 2151 1084 2044
f 2151 2534 1084
f 2553 3479 3161
f 2553 1581 3479
f 1976 2067 337
f 1530 1435 2204
f 317 2054 316
f 1934 1936 3154
f 190 2080 3054
f 2365 1122 2024
f 2615 2034 2587
f 2736 711 3459
f 1717 922 3112
f 2055 2056 2058
f 2394 3336 2825
f 2314 1586 386
f 2314 1587 1586
f 367 698 1310
f 1156 295 1732
f 2098 1710 96
f 2098 1709 1710
f 2267 3175 3031
f 3454 2513 1870
f 3454 2512 2513
f 2046 3107 236
f 2046 81 3107
f 1629 2596 1541
f 1568 1822 1567
f 3047 721 1457
f 3047 1112 721
f 1936 621 3154
f 1354 1048 2490
f 1222 192 1591
f 2797 1199 3462
f 2262 1483 1920
f 2694 1408 2551
f 2694 799 1408
f 85 887 3092
f 1240 2794 1237
f 1666 2174 412
f 1600 3060 211
f 1596 3247 53
f 836 2283 2282
f 2677 1394 130
f 1761 167 337
f 1671 154 512
f 1156 2504 295
f 2020 2828 3216
f 3304 1085 1578
f 3304 1578 648
f 972 2265 1029
f 1820 1822 782
f 1820 1821 1822
f 2322 394 2831
f 633 2094 2743
f 97 1194 2276
f 97 2579 1194
f 1227 178 1228
f 1928 1306 1929
f 1928 2986 1306
f 1110 1390 722
f 2220 3037 57
f 3195 884 1932
f 1179 143 3142
f 2518 801 802
f 1512 3293 765
f 3284 700 1546
f 3212 1771 1770
f 334 2069 2070
f 334 1081 2069
f 2265 1539 153
f 2610 2609 2711
f 2013 1904 1735
f 3356 240 1303
f 1283 2633 1888
f 2768 1581 1957
f 1417 975 2141
f 2507 1540 975
f 521 322 520
f 2380 1622 707
f 724 589 726
f 3082 2980 1479
f 3031 3175 2769
f 2908 1279 959
f 2908 3031 1279
f 2843 1315 118
f 2376 2377 194
f 316 2054 1760
f 652 2336 270
f 2311 2312 398
f 979 432 2118
f 330 1653 965
f 3196 2357 380
f 1891 2155 2483
f 3225 3013 603
f 964 2818 1668
f 2664 2506 2665
f 600 2578 1677
f 3183 2290 816
f 2690 2909 1858
f 3303 3455 1725
f 1424 2162 3048
f 2459 3122 3106
f 2815 1134 229
f 700 2750 701
f 496 551 549
f 2991 1036 3008
f 1135 1157 2289
f 3297 1529 1039
f 1418 3269 63
f 2757 863 3319
f 1372 239 2661
f 20 756 615
f 1006 3456 1882
f 20 1882 756
f 2500 3056 906
f 1763 2328 2742
f 1392 938 1777
f 59 2791 1407
f 2308 628 2348
f 2308 627 628
f 1088 3052 2738
f 3303 1725 2240
f 2429 150 1353
f 1041 3285 245
f 3032 1475 661
f 866 2187 623
f 919 2691 3227
f 2003 2004 2005
f 997 2627 3193
f 2989 1039 1038
f 2791 258 2792
f 926 1850 1021
f 116 1887 184
f 75 661 292
f 1382 451 82
f 2839 1679 1036
f 1508 565 566
f 974 973 1742
f 1158 1684 2001
f 695 2352 3074
f 1326 1040 3094
f 2264 1315 2374
f 1965 2656 2122
f 3429 2317 1447
f 1085 2732 1578
f 3464 2720 2477
f 1988 382 1154
f 1988 758 382
f 406 405 820
f 1059 3278 2824
f 1308 1687 2670
f 2146 12 533
f 598 245 2605
f 3443 3444 548
f 3355 280 1483
f 3355 2245 280
f 1721 2798 2087
f 1721 612 2798
f 1928 2987 2986
f 2353 3178 1014
f 718 720 2434
f 655 671 3207
f 1923 2307 589
f 64 176 1678
f 64 1441 176
f 2475 673 495
f 81 136 2918
f 499 739 2
f 739 1015 1105
f 2392 2655 1814
f 2398 2381 376
f 3239 2350 3240
f 2851 1274 2592
f 863 95 3319
f 210 2321 3307
f 3084 1925 476
f 344 2432 2433
f 623 622 2422
f 812 2810 2175
f 1707 3019 606
f 2814 1611 2813
f 890 1797 102
f 890 1007 1797
f 1797 1798 892
f 3276 716 2666
f 1035 3395 2862
f 928 77 2316
f 2015 1983 1075
f 3404 1987 1310
f 1344 719 2256
f 2870 1185 3038
f 2741 1535 2060
f 2740 520 392
f 2208 2724 3043
f 1991 435 2760
f 2871 126 2335
f 1209 1379 3144
f 396 878 2072
f 2358 3063 1427
f 369 981 980
f 3085 2344 1661
f 1942 1157 1500
f 1287 163 164
f 447 1358 2626
f 3237 414 413
f 1431 646 1033
f 431 688 687
f 628 1026 2990
f 433 2684 3471
f 2686 456 2453
f 869 485 868
f 915 2654 114
f 915 227 2654
f 2088 2994 1828
f 2099 1767 3337
f 2587 3431 1830
f 3154 621 190
f 2178 900 1416
f 1845 913 1871
f 3130 907 1074
f 92 743 2767
f 1768 2259 1769
f 3006 215 214
f 2283 3088 3090
f 1013 1735 3390
f 1869 1871 2745
f 884 1832 2079
f 2682 1966 1752
f 496 3314 684
f 2104 100 870
f 3335 3105 3401
f 1948 511 3169
f 1247 2450 3147
f 1247 1575 2450
f 3035 3348 3132
f 3280 2490 1048
f 1238 3222 1239
f 103 2829 731
f 2554 3288 2349
f 1900 2570 1328
f 2494 1249 207
f 2207 2970 219
f 2006 1658 3439
f 2006 1657 1658
f 1975 2866 2146
f 2647 2650 3460
f 1788 2505 420
f 1821 1820 1819
f 1243 629 1643
f 2400 1532 2354
f 2905 940 941
f 1051 1542 328
f 1051 2805 2806
f 2978 1504 2731
f 714 953 2744
f 1616 1618 953
f 2308 3145 150
f 643 1902 3146
f 2805 2508 123
f 2805 1052 2508
f 2352 3394 3074
f 203 260 563
f 1735 1013 2014
f 2340 1448 2065
f 675 2361 1307
f 3302 2391 2392
f 987 986 1880
f 986 987 2996
f 2033 680 2035
f 884 2324 483
f 884 3195 2324
f 2857 44 978
f 3146 644 643
f 2346 3214 1639
f 1209 1842 2824
f 1343 2581 105
f 98 1572 1527
f 760 269 2789
f 2247 1837 2595
f 656 1836 1839
f 656 2595 1836
f 453 454 3045
f 659 2704 1642
f 659 2705 2704
f 402 416 1961
f 1298 3350 3274
f 1298 2782 3350
f 475 400 474
f 991 3115 177
f 991 1240 3115
f 1161 1160 2588
f 3343 15 3422
f 2313 1726 386
f 3395 1569 2243
f 3402 2267 3105
f 3209 3345 1167
f 3345 809 1167
f 545 546 1374
f 744 61 3270
f 744 1696 61
f 599 249 601
f 2430 487 2816
f 1269 3338 1733
f 2636 3177 2304
f 2418 1486 1964
f 2037 1486 2418
f 76 573 2481
f 2315 1273 78
f 855 3101 2009
f 2190 722 3248
f 234 2977 1850
f 2546 90 91
f 1472 1382 733
f 2269 2449 283
f 2242 866 865
f 2547 91 1999
f 1394 1858 1250
f 2762 1508 2186
f 266 2853 797
f 2539 3406 1964
f 1723 3275 2665
f 568 181 3071
f 567 568 3071
f 3010 558 792
f 225 934 2479
f 768 1962 2981
f 196 3338 1269
f 2593 3199 359
f 423 422 2463
f 3360 2455 2456
f 2456 2455 20
f 2456 20 616
f 616 617 2456
f 863 1142 95
f 863 1143 1142
f 3429 3314 549
f 59 3347 2062
f 833 832 2718
f 1692 1691 1599
f 2907 1374 789
f 3308 1463 773
f 2354 2031 2400
f 184 921 116
f 2149 1551 3132
f 1720 2713 555
f 1720 3421 2713
f 403 2873 2233
f 1001 2878 265
f 930 3167 2452
f 1583 1813 2611
f 1350 1008 3325
f 2701 1334 3387
f 3317 2901 1626
f 1845 227 1843
f 1845 2513 227
f 351 7 1615
f 2137 1358 448
f 1000 2663 3093
f 2593 359 1379
f 1553 253 1552
f 3295 2652 1671
f 2974 2141 1539
f 761 763 764
f 1647 161 2855
f 1647 2692 161
f 3227 2691 1393
f 2939 2899 1327
f 2778 2235 320
f 2526 241 957
f 1031 637 1502
f 1219 773 1463
f 149 2672 1355
f 149 2429 2672
f 99 51 2576
f 1634 1631 1060
f 1678 2603 3009
f 772 1687 1688
f 2077 1276 3069
f 3064 1427 3063
f 3064 1774 1427
f 1648 179 3309
f 1345 1346 589
f 2648 2649 3098
f 3399 3398 106
f 3300 2061 1040
f 2323 780 2424
f 1568 1191 321
f 3347 2097 2062
f 579 2416 1997
f 424 2177 478
f 3265 1817 3193
f 426 1298 3274
f 2453 456 480
f 910 1920 2585
f 910 2261 1920
f 713 2625 976
f 2485 984 1613
f 712 2910 1482
f 3280 617 618
f 3303 3304 2953
f 2916 2541 1468
f 2589 1855 655
f 2167 1612 577
f 2595 1837 1836
f 924 926 1053
f 1225 1727 2206
f 29 843 2394
f 3351 2389 3475
f 3351 2390 2389
f 265 2878 1848
f 796 795 794
f 90 741 2961
f 1583 1384 1813
f 1812 523 1813
f 1946 1172 1728
f 607 2951 1264
f 629 2095 1643
f 2941 3452 23
f 3452 1613 23
f 2660 2659 838
f 2659 1398 838
f 2537 384 594
f 1620 1428 953
f 953 1428 1281
f 633 870 155
f 116 1484 2574
f 1290 1289 2574
f 1289 131 116
f 1346 2995 2527
f 1109 1963 159
f 1109 159 86
f 3075 1633 1632
f 2044 636 1193
f 2611 2330 390
f 1502 404 3156
f 3388 2037 2418
f 2072 3164 2703
f 1072 1073 2255
f 960 659 1642
f 2789 1772 1415
f 73 576 2696
f 576 1911 2696
f 2020 3216 2641
f 909 2167 1003
f 2210 2579 2212
f 637 1031 2179
f 2267 1190 3105
f 2504 2199 296
f 2533 1527 3196
f 2533 98 1527
f 22 849 473
f 2029 2030 2173
f 2872 2148 2147
f 1306 729 1307
f 732 945 1127
f 182 3311 1578
f 3327 1834 1835
f 3436 1025 751
f 1872 2410 498
f 3098 2649 3077
f 1584 1170 489
f 3236 1720 555
f 1359 1360 1358
f 3003 1489 1488
f 25 1603 2445
f 25 1604 1603
f 938 164 163
f 938 2614 164
f 3088 1925 3407
f 3233 10 2156
f 3233 2773 10
f 1525 83 2237
f 850 261 2067
f 1751 2682 1752
f 1233 473 400
f 2452 3167 2105
f 2105 3167 681
f 1950 2917 3367
f 2750 3128 701
f 2922 676 145
f 337 1760 1761
f 2543 2542 1720
f 148 2274 3170
f 3170 2274 3476
f 2250 596 1549
f 2103 1263 155
f 632 1263 960
f 2764 2617 1174
f 2445 1910 2680
f 3059 2439 1600
f 1240 991 3354
f 1647 209 2110
f 3250 1950 2127
f 2350 1908 395
f 1770 1771 74
f 1225 1226 387
f 3074 2351 1531
f 1439 2650 320
f 2563 808 88
f 2524 3096 251
f 1991 3018 604
f 2930 549 551
f 209 1647 1646
f 206 2851 262
f 206 205 2851
f 1115 1570 955
f 1841 1115 2253
f 2304 1155 2303
f 2304 1096 1155
f 3261 529 2606
f 3261 3286 529
f 2284 2032 1520
f 1141 1142 862
f 2786 1188 810
f 2786 1665 1188
f 274 1160 1161
f 1389 478 1923
f 1389 424 478
f 1103 735 1102
f 1103 3308 735
f 2207 1462 2970
f 3425 2520 381
f 3414 2337 1344
f 1041 245 598
f 2889 264 1984
f 2889 1984 1913
f 2572 2092 3268
f 1907 1348 877
f 2859 4 3050
f 1456 1063 275
f 2538 1641 3024
f 2538 3139 1641
f 2051 174 1410
f 1215 582 3173
f 3085 1661 2343
f 1557 1076 2948
f 3019 158 157
f 3040 3110 1444
f 1156 1096 1097
f 47 1004 427
f 3267 3444 2886
f 478 2307 1923
f 3318 1195 1194
f 3026 2249 1922
f 973 1981 3069
f 1584 1300 1301
f 1855 2294 2487
f 2487 2294 1313
f 776 484 775
f 2935 741 1159
f 198 794 1931
f 3450 1507 2706
f 3450 3166 1507
f 3450 2706 3122
f 647 969 1221
f 1221 2032 257
f 1221 969 2032
f 696 1429 169
f 1970 2973 1592
f 241 3208 957
f 3055 925 2106
f 1344 2256 2257
f 405 1004 47
f 446 1397 3352
f 3118 638 256
f 2247 2981 1837
f 3422 1951 2081
f 3422 2809 1951
f 2809 803 1951
f 3202 2807 3126
f 3202 3458 2807
f 578 580 577
f 2924 2361 2076
f 1436 142 2550
f 2438 971 1281
f 2438 3022 971
f 1756 1757 3299
f 320 2650 469
f 1989 175 1175
f 1989 2940 175
f 2096 1243 1242
f 3033 2583 1860
f 2907 2906 2091
f 2907 2091 1373
f 1373 1921 2249
f 2299 2300 1024
f 1500 1157 54
f 606 157 2827
f 1482 1481 2681
f 1482 581 1481
f 2002 1252 1719
f 1388 3020 3045
f 2871 463 126
f 280 2472 281
f 281 3120 2585
f 281 709 3120
f 2063 1303 1305
f 1970 1592 2972
f 1486 2827 1487
f 2636 290 3177
f 2925 969 1366
f 2649 609 1439
f 2416 50 1996
f 940 1796 942
f 1275 1279 3244
f 3247 2673 54
f 3247 204 2673
f 1975 533 1974
f 1975 2146 533
f 1563 2073 1974
f 1563 1536 2073
f 486 1536 1537
f 1621 678 174
f 1351 996 3193
f 1971 2752 2973
f 1971 1165 2752
f 2446 2973 1970
f 651 1625 2020
f 2691 1252 1251
f 1037 2260 1679
f 3226 1573 1118
f 3466 1905 3467
f 3466 3001 1905
f 2198 3126 2807
f 1912 2281 966
f 1828 2281 1912
f 1828 1912 2088
f 875 3228 2436
f 297 3182 1732
f 1381 687 2147
f 687 1622 3033
f 687 1381 1622
f 3461 995 1434
f 2116 1434 1061
f 3087 2287 3221
f 1950 3367 738
f 848 849 22
f 2084 1547 2083
f 1475 292 661
f 1506 2231 654
f 2298 181 1897
f 2562 1580 2553
f 2385 2017 1542
f 2385 1050 2017
f 1263 324 2927
f 2558 1220 1221
f 2558 258 1220
f 531 1607 3459
f 2578 249 219
f 2940 472 175
f 1470 1503 554
f 1275 493 492
f 1068 2898 309
f 2930 551 939
f 1662 1561 421
f 2469 3005 197
f 2605 1332 598
f 2605 1331 1332
f 2521 2522 3271
f 389 2124 2280
f 917 1784 2621
f 917 918 1784
f 1133 2654 229
f 2552 952 951
f 100 1458 2489
f 332 1522 333
f 2808 1635 2787
f 2330 1139 390
f 796 794 198
f 1637 2210 3458
f 1637 2211 2210
f 3458 1469 1637
f 1788 515 1789
f 3074 255 2351
f 3074 254 255
f 2115 601 1134
f 448 2934 2473
f 2399 1517 3364
f 387 2447 1225
f 2976 92 2767
f 1685 643 2651
f 398 1685 2651
f 1909 237 2261
f 1909 238 237
f 3071 181 2298
f 130 1394 1250
f 1975 1079 360
f 2823 3058 319
f 2823 2156 3058
f 3319 95 1140
f 1981 1538 2974
f 2190 11 1825
f 788 3187 1706
f 670 2487 2377
f 354 219 2970
f 2010 2667 1973
f 3270 217 747
f 3056 1291 3344
f 3232 448 2196
f 1016 1877 3006
f 1016 287 1877
f 2866 1312 1411
f 3090 3089 1653
f 1936 208 1246
f 1455 1454 3413
f 2866 360 1312
f 1411 1312 654
f 2021 1123 728
f 728 1123 2993
f 179 754 3309
f 586 2043 584
f 1804 3233 2157
f 2376 2302 1890
f 527 2959 2255
f 807 2054 808
f 1179 2001 143
f 1435 1437 1436
f 454 2573 3086
f 651 305 2430
f 3442 1011 1706
f 3294 2525 251
f 1771 1935 1936
f 1771 3212 1935
f 2900 241 3184
f 2900 2637 241
f 1218 1806 597
f 1636 250 3264
f 3264 945 1636
f 1565 893 1497
f 2918 135 137
f 3105 2404 1734
f 2131 753 1227
f 1219 1463 2717
f 2909 1250 1858
f 1892 1455 2484
f 2642 2048 2549
f 2642 2047 2048
f 2365 78 1122
f 2365 3470 78
f 1948 2437 511
f 1948 1231 2437
f 2820 314 2819
f 2819 1191 2029
f 2717 115 1219
f 2717 971 115
f 2742 3022 1763
f 1357 2742 2328
f 1357 2328 2327
f 2553 1171 1581
f 1522 2660 838
f 2115 2320 1472
f 2188 1731 2842
f 787 3370 481
f 3370 2591 481
f 1689 514 1208
f 514 1689 3137
f 919 1719 1252
f 919 2946 1719
f 944 2447 387
f 2165 357 1635
f 1084 2534 196
f 1663 3070 3332
f 569 2996 570
f 569 3445 2996
f 495 2302 2057
f 1756 2223 1176
f 1756 2646 2223
f 1489 2915 3004
f 1489 2916 2915
f 2000 1755 3055
f 1749 1748 1512
f 2559 404 2890
f 1850 926 2667
f 3127 2058 526
f 652 2177 424
f 652 1955 2177
f 2635 2475 495
f 1196 2784 1830
f 3266 1868 236
f 2185 566 565
f 3293 3440 1884
f 3293 1260 3440
f 2732 3235 239
f 3236 555 2620
f 130 1250 3336
f 2877 2876 352
f 994 1823 2978
f 994 2978 2731
f 2004 2003 293
f 1014 1903 1904
f 2072 796 198
f 2008 2838 2991
f 1451 2795 1453
f 1451 2564 2795
f 2224 878 1176
f 2972 174 1970
f 2131 751 750
f 2311 1485 3011
f 2841 2154 809
f 2509 2790 2510
f 2509 3010 2790
f 252 2510 2790
f 1478 2071 3011
f 3333 2121 2120
f 3333 1985 2121
f 1482 713 712
f 360 312 1312
f 1411 2642 12
f 2016 1050 263
f 2137 1289 1359
f 829 2710 828
f 2710 1302 828
f 2131 750 2892
f 1998 2950 3068
f 106 728 2386
f 106 107 728
f 1447 504 1449
f 1447 2317 504
f 958 78 1098
f 2723 25 3102
f 1291 3448 2894
f 2642 3073 2047
f 613 1421 338
f 613 2093 1421
f 2753 2106 1053
f 1552 1511 1749
f 1552 3141 1511
f 1856 2123 288
f 3125 1006 2455
f 316 1402 1403
f 1555 3383 2605
f 999 3386 998
f 2582 87 506
f 3092 2341 2340
f 116 2245 1484
f 3282 791 36
f 791 1136 36
f 688 1278 2421
f 688 3322 1278
f 2749 333 1399
f 1109 86 160
f 2783 2174 2903
f 2380 1624 2942
f 2380 2942 2381
f 2381 2942 844
f 2381 844 376
f 3476 2803 2802
f 3476 2274 2803
f 3349 609 846
f 68 3139 615
f 68 615 756
f 2116 1882 1434
f 1433 1434 1883
f 3078 1850 2667
f 2076 2575 1189
f 1332 1331 2012
f 2049 874 2149
f 1187 3204 1426
f 3120 1921 2585
f 2077 3287 1638
f 3287 1637 1638
f 1108 2495 1682
f 1321 3369 1761
f 2121 410 3440
f 2121 18 410
f 1640 319 3058
f 2523 858 84
f 2061 1038 1040
f 3116 2373 191
f 3116 2374 2373
f 1730 2882 3468
f 3468 2599 191
f 1320 1729 45
f 1632 3037 2220
f 1632 1340 3037
f 757 3382 2460
f 459 1217 461
f 1292 3367 2917
f 1768 2944 2259
f 1201 2282 330
f 2224 189 796
f 762 1512 765
f 1253 3427 279
f 2632 989 2393
f 2903 1666 1874
f 204 3274 2673
f 2673 3274 1296
f 2788 1763 1090
f 2731 1504 311
f 2731 311 536
f 1909 2261 3155
f 254 2195 1058
f 254 2013 2195
f 1117 1993 2462
f 195 1028 153
f 195 153 511
f 1850 3432 1021
f 18 411 410
f 2965 2417 1066
f 2431 180 1977
f 2431 1311 180
f 888 3359 2247
f 1354 2429 1353
f 1354 2672 2429
f 317 2409 808
f 558 1543 1852
f 1062 419 1063
f 456 2686 1150
f 2301 629 630
f 629 2301 2094
f 966 1165 1164
f 966 2733 1912
f 2002 1251 1252
f 2447 944 135
f 3128 1083 701
f 686 3376 979
f 686 979 431
f 3065 2953 2027
f 940 2905 3244
f 3244 1 2318
f 133 1101 603
f 2416 466 2417
f 1896 3472 2298
f 1193 2151 2044
f 3353 14 3253
f 2035 1676 692
f 3034 1131 1133
f 889 1045 891
f 2981 1962 3109
f 2307 479 3430
f 3449 1823 1824
f 295 296 297
f 1943 1365 834
f 1055 1054 204
f 2144 2515 2191
f 1497 2575 675
f 2679 3159 1486
f 2013 1735 2014
f 1376 1563 284
f 1246 1534 1771
f 2770 1959 2148
f 1445 1856 1032
f 1547 2339 2083
f 2222 1081 334
f 2222 2748 1081
f 53 1597 1596
f 1881 1736 1880
f 1182 1999 2961
f 2961 1380 1182
f 1380 681 1182
f 1380 2935 681
f 836 2889 835
f 694 695 1529
f 2866 12 2146
f 2384 2383 3125
f 1510 73 1933
f 2774 2788 3446
f 1564 1090 3433
f 2886 3444 2613
f 2980 39 3455
f 2575 1497 3424
f 1742 1915 1741
f 2103 155 870
f 2619 1010 2798
f 2034 856 2998
f 2940 2941 472
f 409 18 465
f 3070 1023 2531
f 1040 1808 2413
f 2714 3211 1319
f 2218 2238 1200
f 326 2373 514
f 514 2373 2263
f 1292 128 557
f 2967 1216 2362
f 2794 2929 540
f 2102 2852 3285
f 715 1376 284
f 276 1036 65
f 3308 1103 1463
f 1463 1103 356
f 1033 646 2797
f 3288 962 1114
f 1587 135 1432
f 2750 1399 1082
f 2750 2749 1399
f 2025 2910 1793
f 1681 1683 2976
f 1681 1108 1683
f 2894 2160 1507
f 1374 546 2880
f 3382 1946 1728
f 2960 1777 1778
f 1592 2183 2972
f 2432 3118 2433
f 1073 2190 1825
f 3456 3021 1883
f 540 3419 3420
f 924 1053 2106
f 3461 1125 995
f 3461 3020 1125
f 31 989 3431
f 31 2393 989
f 2785 139 2243
f 2109 3139 69
f 3152 2911 2570
f 2535 1310 1987
f 2163 380 3048
f 2163 379 380
f 168 2632 2393
f 168 3364 2632
f 1434 994 1061
f 802 2519 2518
f 671 1767 3207
f 3470 2316 2315
f 3470 639 2316
f 2791 2792 1407
f 1843 915 1844
f 2825 3336 1250
f 3478 1815 2523
f 3339 2363 1341
f 2622 1073 1825
f 421 422 1662
f 1561 152 3475
f 3417 2881 854
f 1137 2724 3184
f 2833 2052 3145
f 2937 2252 1599
f 2252 1153 3238
f 1810 1963 1109
f 3219 1937 1069
f 3219 3288 1937
f 1069 1937 1070
f 1223 863 1070
f 3410 42 2093
f 285 1375 1536
f 1232 1807 1218
f 734 2735 2397
f 1741 1915 1914
f 691 690 1704
f 1490 2771 2101
f 1955 1954 1594
f 2476 1710 1709
f 2476 1244 1710
f 2177 2178 478
f 2177 1265 2178
f 3475 151 3351
f 2898 3044 1388
f 2898 2757 3044
f 2805 1418 1417
f 2109 1641 3139
f 2935 1380 741
f 900 1265 2789
f 900 2178 1265
f 1742 973 3358
f 1893 1168 1681
f 722 1946 1811
f 2190 1946 722
f 460 2808 2967
f 3446 1564 532
f 3356 1600 1329
f 1329 240 3356
f 1578 1372 182
f 532 1564 221
f 595 3378 2428
f 1859 1858 2123
f 2710 2709 2707
f 2710 2217 2709
f 829 1183 2217
f 2810 2031 813
f 128 1786 557
f 2860 2398 376
f 1477 3012 1478
f 2688 1333 3030
f 344 2969 1055
f 344 1055 1597
f 2967 459 460
f 1978 1649 2726
f 1978 1648 1649
f 1942 1296 1297
f 3113 2705 512
f 1522 677 2660
f 440 285 1376
f 440 2928 285
f 268 267 399
f 795 879 2658
f 1100 2979 3323
f 1100 1405 2979
f 1700 1691 556
f 94 2173 1192
f 832 831 1513
f 351 2865 1617
f 2200 1474 662
f 3056 3165 1762
f 1627 2761 1018
f 3294 1849 3229
f 1912 2379 167
f 1895 2185 3160
f 1446 2736 401
f 2205 3371 1461
f 3130 737 736
f 2906 2907 789
f 1912 2733 2379
f 3034 1134 601
f 3388 824 904
f 193 917 1276
f 862 2459 3106
f 770 1211 2793
f 1113 571 572
f 1113 1992 571
f 3120 3387 1921
f 3308 1464 912
f 2755 2946 2947
f 2001 1684 2767
f 371 737 524
f 371 736 737
f 2221 3379 2748
f 2221 57 3379
f 94 517 518
f 2037 3388 904
f 2640 594 1766
f 2640 2537 594
f 2778 2699 1262
f 875 2436 2988
f 1915 1277 835
f 577 580 225
f 2324 1326 3094
f 7 1282 1619
f 152 423 2983
f 152 1662 423
f 383 2520 2848
f 3099 226 658
f 1979 1496 1840
f 3215 2888 894
f 2261 237 2262
f 2262 3114 1484
f 1186 1425 2075
f 790 641 2814
f 2230 117 2232
f 2230 518 117
f 1727 2313 1224
f 2313 1727 1726
f 1911 1910 2445
f 1419 2652 2752
f 499 1015 739
f 393 2586 1930
f 393 1196 2586
f 3042 1950 3250
f 2658 879 2747
f 350 830 612
f 2150 678 3132
f 691 3140 1280
f 3233 2156 2157
f 2947 2946 919
f 1952 824 3477
f 1137 362 363
f 2526 860 363
f 2526 956 860
f 1112 2226 2227
f 1111 3046 2399
f 1111 1112 3046
f 284 532 221
f 1718 2291 200
f 1718 3421 2291
f 2128 3290 1074
f 2540 3003 2737
f 824 3388 3389
f 1215 1214 582
f 1473 1094 3163
f 3121 1445 2875
f 3256 2334 1530
f 3253 620 619
f 528 3281 951
f 2553 1295 2562
f 2553 3161 1295
f 3392 2271 2272
f 1940 3474 1941
f 3129 1107 1106
f 1878 1314 2427
f 1878 767 1314
f 1718 927 3211
f 1262 1908 2778
f 1908 1262 395
f 2819 94 2820
f 2820 94 156
f 156 94 2616
f 2616 2231 156
f 2668 2670 1687
f 1471 553 2658
f 3226 2663 1595
f 519 2502 3216
f 3416 1808 3116
f 3416 2599 2882
f 936 2219 2218
f 2611 522 2330
f 522 322 2330
f 887 2101 3359
f 2339 1547 805
f 5 3117 2762
f 159 2125 2126
f 159 2460 2125
f 1527 1572 2577
f 3191 2565 2759
f 2426 2427 3457
f 3457 2427 2119
f 1754 2119 1412
f 3134 1692 1693
f 1453 481 2591
f 1836 3255 2521
f 1836 160 3255
f 1230 2048 2897
f 1230 2549 2048
f 1515 2598 3415
f 2622 770 1073
f 770 527 1073
f 1251 2002 2690
f 2962 1168 1893
f 2962 2580 1168
f 2952 2583 1432
f 2721 2495 2955
f 1168 1105 1681
f 739 2355 2356
f 1965 1964 2656
f 3030 1269 1271
f 3033 3453 687
f 3437 1513 2306
f 2306 222 2877
f 2302 232 231
f 3343 2081 1953
f 379 593 3198
f 3198 48 2533
f 3198 593 48
f 529 3004 2606
f 2255 110 1072
f 5 1841 368
f 1015 1108 1105
f 1431 499 2
f 2083 525 2166
f 2166 2427 1314
f 3433 2438 2434
f 2045 591 2548
f 3211 927 1319
f 1254 2689 1255
f 271 1714 1712
f 704 3213 1714
f 704 857 3213
f 2455 1006 1882
f 3162 1327 2677
f 3232 1704 134
f 3232 2196 1704
f 503 2480 2703
f 1821 2323 2424
f 2382 218 2383
f 3151 2958 273
f 2450 2133 3147
f 2989 2061 140
f 3297 140 3256
f 1641 2109 992
f 1221 1220 647
f 1175 175 2138
f 99 266 797
f 1635 357 2787
f 454 3086 309
f 1851 454 453
f 630 325 3137
f 1722 1443 2168
f 1582 3338 2534
f 3320 1116 104
f 221 3433 2435
f 1700 556 1733
f 3339 1341 2362
f 3217 1945 1861
f 1480 2681 1481
f 2558 2284 1406
f 2558 257 2284
f 589 1346 1923
f 2762 3138 3210
f 407 3049 3315
f 953 1967 1616
f 953 714 1967
f 2827 605 606
f 3098 1403 1402
f 284 221 2435
f 3237 121 1630
f 972 3287 1981
f 2337 719 1344
f 1576 3445 3479
f 3479 3445 569
f 340 3068 2949
f 601 249 600
f 57 2221 2220
f 2884 2600 1495
f 2600 3051 1495
f 3051 494 1495
f 1160 2604 2588
f 1510 468 576
f 2990 1026 1025
f 771 120 1438
f 40 1261 1260
f 950 2410 1261
f 2081 2938 904
f 2081 1951 2938
f 3288 1114 1937
f 2183 1621 174
f 1852 2174 1853
f 1420 2608 771
f 2190 3248 21
f 1523 1917 408
f 1523 2982 1917
f 2982 810 1917
f 3409 1412 2198
f 1401 911 2745
f 866 623 865
f 1983 170 1075
f 1010 2087 2798
f 2657 2656 841
f 3414 307 2337
f 1270 1271 3231
f 3002 1816 3478
f 3002 1814 1816
f 2081 3343 3422
f 990 2635 2685
f 518 517 1781
f 3364 1518 2632
f 74 880 1770
f 89 1042 3240
f 697 1764 696
f 974 1742 1741
f 2762 2136 3138
f 803 1547 905
f 3329 1509 2891
f 1350 1349 165
f 1107 445 2028
f 1451 304 2564
f 340 693 692
f 1142 1141 95
f 1762 1982 906
f 2455 1882 20
f 686 687 3453
f 1664 145 1665
f 2544 2545 3099
f 3061 1571 2186
f 303 2220 2221
f 2798 2618 2619
f 2798 830 2618
f 283 2449 2615
f 3232 134 448
f 1114 170 1937
f 2350 1699 1908
f 1692 1599 1787
f 1794 2036 1177
f 3108 2036 1794
f 880 74 1533
f 672 1767 671
f 242 2698 3273
f 242 243 2698
f 3321 2564 3191
f 1693 861 2493
f 596 1189 1549
f 1550 917 804
f 1064 1995 2853
f 34 2246 1802
f 2368 790 1608
f 2933 464 1776
f 46 34 1802
f 1641 992 3024
f 3300 507 2061
f 20 615 2538
f 2538 615 3139
f 1519 59 1406
f 1101 3427 3426
f 1625 2828 2020
f 3362 3291 3070
f 2208 3043 705
f 2208 3213 2209
f 3160 2185 565
f 2936 1159 740
f 2936 2935 1159
f 2577 266 2576
f 2577 265 266
f 717 1281 2584
f 1320 45 83
f 561 1621 2183
f 3405 1147 2108
f 2580 2355 1168
f 1151 2356 2355
f 339 2442 338
f 339 43 2442
f 3389 2418 2419
f 3389 3388 2418
f 1584 489 1585
f 3073 2231 2232
f 3073 654 2231
f 1002 1703 1702
f 1002 2171 1703
f 763 2528 764
f 921 184 2078
f 184 643 2078
f 2516 1170 2715
f 2516 2515 1170
f 1116 2715 488
f 3102 840 3174
f 2711 1144 2610
f 2711 1145 1144
f 2150 877 1410
f 467 2965 1066
f 1648 2914 1649
f 232 194 1413
f 826 2489 1458
f 2119 2166 525
f 2166 2119 2427
f 1482 2910 581
f 1940 3209 2448
f 1940 247 3209
f 594 2176 592
f 1140 1820 782
f 88 336 516
f 926 1021 1053
f 348 3192 1645
f 348 1645 2856
f 2856 1645 1646
f 2855 2856 1647
f 171 2697 1075
f 2921 3183 815
f 3217 1861 1860
f 3276 2666 2665
f 1343 105 1863
f 3415 685 2367
f 3415 2367 1515
f 3209 247 2272
f 3143 665 125
f 2511 1227 3072
f 1183 1185 1184
f 1287 1286 163
f 2169 132 690
f 932 1498 642
f 932 2305 1498
f 3258 642 2968
f 2045 415 772
f 1117 2462 2335
f 1185 2335 2801
f 3260 1684 2375
f 2127 907 706
f 1589 2500 1590
f 3150 1335 1958
f 1958 1335 1792
f 2647 3299 2650
f 665 698 1841
f 665 3143 698
f 1532 1614 1533
f 1532 2741 1614
f 2741 2492 1614
f 3417 1792 2273
f 987 572 571
f 2156 2823 2158
f 3201 1889 1173
f 1147 3405 2468
f 2491 2456 617
f 2491 298 2456
f 3290 2697 3418
f 3240 395 318
f 1753 3127 1414
f 1846 2388 1002
f 2657 2122 2656
f 2584 1428 1120
f 3367 2500 738
f 2912 1166 650
f 650 1166 1625
f 3333 1698 1985
f 1961 3109 1962
f 1460 1799 3346
f 2463 3346 2437
f 2993 1123 755
f 2967 3283 459
f 3283 1217 459
f 3259 3122 2459
f 2946 30 1719
f 2064 1180 30
f 2881 3417 1336
f 1776 371 2933
f 1776 736 371
f 2586 3431 1930
f 2187 1827 867
f 2918 732 3107
f 961 3243 2142
f 3079 3080 2998
f 3079 3149 3080
f 1201 264 2889
f 631 870 2743
f 3256 3200 2334
f 1158 3 1684
f 234 2387 2977
f 3326 2327 2897
f 2521 3255 2522
f 2522 343 3271
f 3271 343 1414
f 1414 343 3457
f 1414 3457 1753
f 946 1753 2725
f 690 689 1278
f 947 2682 1751
f 934 225 580
f 3265 47 1817
f 2529 354 222
f 1540 1948 3169
f 3062 2818 331
f 585 588 583
f 585 587 588
f 1158 1178 3
f 452 508 1531
f 947 1751 2275
f 507 1162 1181
f 2412 982 983
f 2412 3416 982
f 2576 266 99
f 3161 569 570
f 456 1737 3471
f 1700 2937 1691
f 1700 1383 2937
f 1383 1384 2937
f 3076 473 3181
f 240 2911 1305
f 58 3251 1865
f 1749 1511 1748
f 2450 1575 779
f 464 930 2452
f 3320 126 2097
f 587 3251 58
f 997 996 3386
f 998 3386 996
f 696 1764 1429
f 3360 2802 2722
f 2260 1037 645
f 2638 1450 258
f 3405 2881 2468
f 3405 1256 2881
f 2802 1593 2722
f 2802 2803 1593
f 2700 396 2703
f 11 21 70
f 3194 70 1212
f 1316 3036 1317
f 2793 952 770
f 2378 1452 2139
f 3067 896 444
f 3067 536 896
f 977 3000 2071
f 977 2602 3000
f 1821 2424 1567
f 2075 2634 2076
f 607 2975 2951
f 2319 1549 1548
f 1830 2586 1196
f 143 742 142
f 51 2631 52
f 51 99 2631
f 2803 1046 1593
f 2803 1047 1046
f 765 3331 3330
f 765 766 3331
f 1455 3413 2229
f 1642 632 960
f 1642 633 632
f 530 1446 2370
f 530 404 1446
f 404 1502 1446
f 3058 10 1640
f 1405 2444 2863
f 2166 6 2083
f 3352 538 446
f 3418 3130 3290
f 3130 1074 3290
f 2492 2741 1178
f 1774 2359 1427
f 1408 1116 814
f 1732 3182 2920
f 3321 788 2564
f 3269 2739 1228
f 3124 2559 1490
f 1600 211 1329
f 2796 374 375
f 1277 3324 835
f 3324 477 835
f 477 3465 3095
f 1791 2278 1790
f 1791 2279 2278
f 1790 2278 1300
f 537 490 2031
f 3240 2350 395
f 2024 2003 2005
f 2660 677 1080
f 1485 1477 3011
f 33 3368 2860
f 3359 2101 2771
f 2377 2487 1313
f 2377 1313 194
f 785 784 768
f 1775 416 402
f 1775 1390 416
f 2609 166 3015
f 2434 2584 718
f 259 139 3390
f 630 2096 325
f 1924 1925 1926
f 2969 344 346
f 2143 3395 2243
f 3315 52 3221
f 2904 1438 3374
f 1215 1919 2470
f 10 2346 1640
f 362 241 2526
f 1898 1899 1514
f 3009 3420 3419
f 2216 2008 855
f 2008 2216 2838
f 743 742 2001
f 2749 2750 700
f 1377 1710 1244
f 496 549 3314
f 1384 2252 2937
f 1384 3312 2252
f 3291 3362 2895
f 2558 1406 2792
f 3316 3401 3105
f 3316 3363 3401
f 416 1390 1110
f 1895 1897 181
f 2760 2118 981
f 2636 2304 1094
f 3478 2556 3002
f 2748 3379 1081
f 3306 2125 2826
f 3164 198 1317
f 3218 3219 1069
f 3377 3115 1237
f 3377 177 3115
f 1066 466 467
f 1145 552 1832
f 1080 2070 2069
f 1080 2880 2070
f 483 2324 624
f 483 624 777
f 3205 2378 175
f 906 1982 1591
f 1121 1282 3400
f 985 1881 1880
f 985 564 1881
f 1054 3063 3274
f 327 645 1231
f 327 1231 1948
f 968 386 2992
f 968 2313 386
f 3463 179 3310
f 2110 209 864
f 305 2020 3442
f 2378 2139 175
f 1377 3429 2607
f 1377 3314 3429
f 743 92 1769
f 3179 1769 3178
f 2359 2640 1766
f 2400 1535 1532
f 2167 1480 1612
f 2167 909 1480
f 1876 3361 2336
f 1264 2168 1443
f 666 669 1556
f 666 79 669
f 2967 2808 2787
f 1406 814 1519
f 1406 2551 814
f 1127 2453 3266
f 2019 1011 3442
f 985 286 967
f 1886 1885 2874
f 1818 1820 1140
f 2737 2738 2540
f 413 1049 1538
f 1733 778 1269
f 2596 263 1050
f 2005 294 2145
f 1163 847 2648
f 3069 1981 3287
f 1548 2841 2840
f 1330 3152 1012
f 3152 1330 2911
f 2919 1998 341
f 3313 3438 1636
f 1667 1147 1146
f 3397 602 2776
f 906 3290 2128
f 3390 3451 259
f 3390 1903 3451
f 2101 85 1490
f 3159 2679 905
f 1844 915 114
f 2836 1236 2305
f 2836 1235 1236
f 713 1482 2625
f 2269 1894 2449
f 1409 2830 1574
f 1409 3119 2830
f 322 522 523
f 1856 2124 2123
f 557 3448 1292
f 368 1841 698
f 2982 1523 2689
f 1523 3284 2689
f 778 3060 3231
f 778 3231 1268
f 1076 2011 2948
f 476 3088 2283
f 2775 621 1181
f 365 1310 2535
f 365 367 1310
f 1292 2917 128
f 2917 1695 128
f 908 3373 1695
f 3373 861 1695
f 3373 372 861
f 2060 2895 2741
f 1087 537 575
f 3192 490 2117
f 349 1971 23
f 349 984 1971
f 2703 502 503
f 2147 2148 1381
f 2898 3218 2757
f 2296 318 2481
f 2489 2103 100
f 2641 2420 27
f 1693 1787 1695
f 428 2160 3448
f 2160 2894 3448
f 1186 789 1425
f 2505 2609 275
f 2505 275 420
f 1003 2167 658
f 2941 703 1266
f 1440 2260 3269
f 1440 1679 2260
f 1520 799 2694
f 2944 2258 2259
f 837 401 771
f 1555 3163 1554
f 186 2042 848
f 919 3227 2947
f 2551 1408 814
f 3318 41 972
f 3318 2211 41
f 2232 117 2643
f 1254 2786 2982
f 1254 1665 2786
f 1254 56 1665
f 298 3360 2456
f 1342 2567 1311
f 1342 3310 2567
f 3037 1128 57
f 3037 1340 1128
f 2907 710 1374
f 2013 3394 32
f 2013 254 3394
f 1904 32 1014
f 1903 1014 1769
f 1981 2974 972
f 2075 1425 2634
f 499 1034 1015
f 1431 1033 499
f 3379 1562 2469
f 2129 956 1328
f 712 3181 1793
f 1516 1479 2685
f 2022 2184 3295
f 788 1339 487
f 2402 494 3014
f 1218 1041 1232
f 1571 1570 1115
f 3481 2397 2735
f 1343 307 724
f 24 1442 1721
f 24 3157 1442
f 2375 1159 741
f 2074 1189 596
f 1595 1000 1001
f 2474 1432 370
f 1065 1064 266
f 266 1064 2853
f 2066 2409 317
f 2717 1463 2719
f 2000 1212 70
f 167 1761 3369
f 1839 2931 1838
f 1839 1836 2931
f 2619 2618 787
f 2618 3370 787
f 208 2494 207
f 208 1934 2494
f 987 570 2996
f 1425 3204 2634
f 1425 1426 3204
f 2168 3428 350
f 2059 2532 3291
f 117 518 2644
f 518 1229 2644
f 518 1781 1229
f 457 282 1686
f 2209 1371 3040
f 457 2896 282
f 2896 3040 2557
f 3040 1371 2557
f 3218 1069 2757
f 948 947 1395
f 2579 97 365
f 1170 2515 489
f 515 516 335
f 798 1627 1656
f 798 3203 1627
f 1369 1460 1370
f 1369 1368 1460
f 3396 3204 144
f 76 503 1043
f 1396 2853 185
f 1396 185 2134
f 2187 634 1827
f 1045 590 891
f 1045 1044 590
f 2765 2010 2451
f 1044 2451 772
f 84 3023 2523
f 1965 2122 1442
f 2516 1408 2191
f 1643 2241 1243
f 2931 2294 1838
f 2848 2520 3425
f 1917 332 408
f 907 3130 736
f 2114 1496 2113
f 1496 3411 2113
f 264 1201 2016
f 2392 2391 2655
f 2655 2391 1713
f 813 348 2561
f 1777 2960 1392
f 1624 916 2394
f 3310 179 2567
f 1657 1553 1552
f 1649 479 2726
f 3473 1294 3325
f 1294 3473 570
f 1333 196 3030
f 2240 1577 3303
f 350 1174 830
f 1145 3016 552
f 3076 3181 2623
f 3371 2943 2832
f 2657 2331 2122
f 637 2179 531
f 1541 2385 1542
f 376 3334 2860
f 971 224 223
f 971 2717 224
f 3137 631 630
f 3286 2858 1366
f 1347 2740 2239
f 1070 1937 1223
f 182 1286 3311
f 3141 40 1511
f 3141 3028 40
f 1392 3245 2612
f 1392 2960 3245
f 622 2997 777
f 2717 2719 224
f 578 1481 579
f 779 2133 2450
f 779 1603 2133
f 1383 1582 1384
f 2102 3285 1218
f 2048 2047 2643
f 3426 1148 3225
f 2148 2872 2770
f 3029 1968 1778
f 3029 2734 1968
f 2990 2299 1658
f 2990 1025 2299
f 1535 2810 2059
f 3098 3077 1403
f 168 2393 2399
f 2697 3290 2015
f 2676 2644 1229
f 2853 268 185
f 679 877 2378
f 1185 2801 1184
f 1042 1232 2409
f 3005 1865 197
f 2027 1644 497
f 3096 2753 3097
f 524 2697 2698
f 1154 1057 111
f 3201 1172 3148
f 2606 3004 2915
f 3004 1089 864
f 2623 3181 712
f 1599 2252 1786
f 340 2949 693
f 3152 1900 957
f 918 15 3465
f 1747 429 2479
f 1702 2153 2479
f 1702 1703 2153
f 1362 1939 1059
f 262 501 2850
f 2081 904 1953
f 3010 792 2790
f 2150 1410 678
f 3012 1477 3013
f 3013 660 603
f 1539 3169 153
f 1664 1665 56
f 1178 740 3
f 740 1159 3
f 1585 319 1584
f 1404 2764 3323
f 1404 2617 2764
f 2217 2710 829
f 3269 1228 1440
f 2664 15 3343
f 497 550 496
f 1759 462 1303
f 3027 2279 1791
f 424 1389 653
f 78 2569 1098
f 943 19 2568
f 943 447 19
f 3289 2613 3444
f 2699 2778 469
f 2415 1034 3462
f 2415 2862 1034
f 2862 2955 1034
f 2862 2329 2955
f 888 887 3359
f 528 2793 2182
f 2793 1211 842
f 2466 1140 2465
f 2466 2467 1140
f 2422 1730 865
f 779 2696 1911
f 3370 2617 1404
f 1728 3201 1873
f 790 2814 2813
f 191 2599 3116
f 977 2071 2958
f 3349 2891 2647
f 2244 1569 1035
f 956 211 860
f 481 1453 2795
f 2777 3223 2883
f 2520 383 1690
f 2986 1927 2321
f 1927 56 3307
f 658 2167 577
f 1298 1605 1299
f 1298 426 1605
f 705 706 3213
f 1661 2387 3078
f 2579 1395 2212
f 2472 280 46
f 3246 3118 1598
f 2951 1100 3428
f 2951 1708 1100
f 1708 2951 2975
f 1645 3192 2117
f 1723 2850 501
f 771 1387 837
f 3123 3259 1762
f 2874 2280 2875
f 2502 3477 824
f 1294 1992 734
f 990 1377 1244
f 1500 2673 1499
f 42 3410 1264
f 2527 2926 214
f 3437 2744 1092
f 3437 714 2744
f 3135 787 481
f 426 2358 1605
f 924 925 2496
f 3148 1072 2477
f 2442 43 1267
f 2062 626 59
f 1330 626 463
f 1329 211 2129
f 676 3396 144
f 676 2922 3396
f 2927 561 2184
f 1403 3077 1699
f 186 22 2623
f 2761 3294 1018
f 3294 3229 1018
f 1849 1805 3229
f 1812 2151 3447
f 1812 1582 2151
f 769 1212 1210
f 27 2068 28
f 27 2420 2068
f 101 2045 2548
f 269 3224 3131
f 2200 296 2199
f 1436 2550 1435
f 214 967 2662
f 214 1826 967
f 1885 504 548
f 3234 1057 2720
f 3234 2720 3464
f 2764 1174 3323
f 2785 377 139
f 2575 3381 675
f 1768 92 1683
f 2441 2440 1351
f 1478 3012 2958
f 3262 1725 3066
f 3262 2240 1725
f 3168 205 206
f 1442 2122 2332
f 3401 1030 342
f 129 2939 1030
f 2939 2180 2899
f 1742 1277 1915
f 3463 3399 106
f 682 1022 683
f 682 1744 1022
f 1795 577 225
f 1235 1363 2835
f 1235 1795 1363
f 1339 3321 3191
f 613 607 2093
f 652 270 1956
f 993 2112 37
f 3090 1653 329
f 1551 93 1907
f 1551 3357 93
f 3357 2759 93
f 2085 2268 3298
f 3245 2960 2754
f 2568 19 3345
f 2398 3341 1862
f 1910 909 2680
f 1496 2114 729
f 2886 389 3267
f 1097 292 1476
f 222 2970 2876
f 2282 2889 836
f 836 2666 2283
f 2666 476 2283
f 2666 716 476
f 716 3084 476
f 1057 1738 111
f 1116 1519 814
f 1116 2097 1519
f 2097 3347 1519
f 1906 3001 3466
f 1714 2392 1814
f 1714 271 2392
f 549 2317 3429
f 2368 1976 2869
f 1736 968 2992
f 1736 1881 968
f 289 3092 2340
f 1266 3452 2941
f 2745 544 1869
f 1921 1922 2249
f 1816 1814 2655
f 71 2608 582
f 2351 452 1531
f 185 3268 2092
f 2344 2773 2387
f 2188 19 2309
f 2093 2847 1421
f 1610 849 850
f 1314 3159 6
f 1314 605 3159
f 1524 2756 2735
f 2735 2756 2064
f 1402 663 3098
f 3105 1190 2404
f 3370 2618 2617
f 656 1839 888
f 1049 414 1629
f 414 1630 1629
f 1113 2633 1283
f 2475 990 1244
f 549 2930 2317
f 3460 609 3349
f 3460 1439 609
f 70 1755 2000
f 2491 3170 3171
f 1087 2737 2297
f 602 3397 1765
f 1301 2277 1584
f 1301 3119 2277
f 1854 920 2543
f 2543 920 2542
f 2637 2900 1450
f 2845 1039 1529
f 2138 1404 1175
f 3061 566 2185
f 1336 2763 855
f 1336 3417 2763
f 2809 1550 803
f 345 1498 2305
f 345 346 1498
f 464 2452 2105
f 264 263 1984
f 2017 2016 1202
f 2471 2470 2885
f 2470 3111 3051
f 1200 1199 2218
f 412 1852 1543
f 3331 766 2555
f 2228 3413 1007
f 892 1798 2888
f 1327 1032 288
f 1327 1031 1032
f 1976 2867 2869
f 2349 3330 2554
f 3308 912 735
f 2632 2195 989
f 2632 988 2195
f 989 3272 1930
f 989 2195 3272
f 1015 1034 2955
f 3082 2367 124
f 1926 1925 3084
f 572 987 1736
f 3167 1182 681
f 1344 2257 1345
f 650 2913 2912
f 650 649 2913
f 1497 675 730
f 1959 707 1623
f 3096 1213 3180
f 2477 110 3230
f 3275 3276 2665
f 2266 2801 2462
f 685 3415 699
f 2267 3031 1190
f 2403 2401 2402
f 3018 212 978
f 2922 1929 2924
f 682 683 2936
f 1315 2264 2050
f 761 762 510
f 2971 1737 871
f 2971 871 2857
f 2971 2857 212
f 1734 2404 3366
f 2775 190 621
f 2630 151 1037
f 1270 2140 1271
f 2401 1829 2172
f 2144 489 2515
f 2710 2707 1905
f 3057 648 1579
f 2125 2461 2826
f 1003 3425 909
f 1980 491 881
f 998 2440 2776
f 998 1351 2440
f 2041 1163 2042
f 358 359 3199
f 920 1854 815
f 727 755 754
f 727 2993 755
f 1510 3328 468
f 1457 721 2817
f 282 1288 1686
f 1947 3212 1770
f 1770 880 1293
f 658 577 2192
f 1859 1251 2690
f 1561 2566 2431
f 2707 2709 2708
f 1175 1404 471
f 3249 3053 122
f 1332 2012 335
f 1623 707 1622
f 36 1613 3452
f 36 2485 1613
f 2485 2867 984
f 1885 1886 504
f 347 1245 2354
f 347 1246 1245
f 3080 2498 725
f 711 2736 1446
f 2623 712 2624
f 2776 2440 3397
f 289 3124 85
f 3475 152 151
f 1834 1833 1835
f 1835 2227 2226
f 1111 450 2226
f 1111 2949 450
f 2665 2506 1285
f 2753 3180 2106
f 1671 2705 659
f 3263 164 939
f 1435 694 2204
f 1201 330 1202
f 1245 1246 208
f 2575 2076 3381
f 2861 2474 370
f 322 523 520
f 905 1547 2084
f 194 2302 2376
f 2240 3262 954
f 3317 2823 1585
f 732 236 3107
f 732 1127 236
f 2707 1270 1905
f 2621 3358 973
f 3372 837 3108
f 1877 1875 1389
f 1491 1794 768
f 3467 1270 3231
f 888 2589 887
f 129 3363 2180
f 2181 531 2180
f 561 1197 1621
f 1624 2380 707
f 1765 1766 602
f 367 365 2799
f 2118 3277 980
f 3210 1508 2762
f 949 950 40
f 3335 342 1030
f 1705 3309 754
f 1705 2914 3309
f 616 2538 1257
f 3292 331 2498
f 725 2498 331
f 2087 1010 27
f 1545 2688 3220
f 1874 1200 2238
f 1914 1984 121
f 1914 1915 1984
f 740 1746 682
f 1989 471 470
f 3180 2753 3096
f 1268 1271 1269
f 3296 3059 1304
f 1935 3212 1181
f 1935 1181 621
f 3096 2524 1213
f 2974 1539 2265
f 3262 3066 2253
f 2473 2934 397
f 916 3336 2394
f 845 843 29
f 158 1988 841
f 129 2180 2939
f 3420 3377 1237
f 1979 3411 1496
f 1740 1940 1941
f 1873 3201 1173
f 2325 2295 2010
f 2639 3171 2802
f 118 452 1362
f 3039 183 2181
f 323 781 322
f 2600 2885 3051
f 845 374 2796
f 2277 1170 1584
f 3186 3424 2758
f 2346 1639 1640
f 988 3199 1938
f 2934 448 134
f 3282 3452 1266
f 3282 36 3452
f 3101 1336 2009
f 433 3277 2118
f 967 2406 564
f 1331 3383 3384
f 2407 2408 248
f 1351 3193 817
f 332 2749 408
f 1584 1640 1300
f 1584 319 1640
f 2912 2850 1166
f 373 363 2493
f 79 1161 2780
f 79 202 1161
f 1160 274 1470
f 3179 2353 2550
f 3179 3178 2353
f 1086 3235 1085
f 1085 3235 2732
f 2732 1372 1578
f 1622 1381 1623
f 1425 789 1426
f 2727 2240 954
f 2509 123 2508
f 2410 2219 2594
f 2550 2352 694
f 2532 3070 3291
f 154 1671 2652
f 2349 697 3330
f 2350 664 2066
f 71 1091 786
f 2411 1386 786
f 2411 2458 1386
f 2770 2769 3175
f 1757 469 2650
f 559 449 2254
f 559 560 449
f 298 3171 2639
f 2738 3464 3230
f 2738 3234 3464
f 513 866 2241
f 2241 866 2242
f 101 102 891
f 2462 1993 1241
f 83 1525 1320
f 1653 3089 965
f 324 3025 1197
f 3007 3006 2662
f 3007 1016 3006
f 2350 3239 664
f 3209 2272 3345
f 1371 704 3002
f 1371 857 704
f 2471 2326 1973
f 1607 1438 3459
f 3013 1477 660
f 258 1450 2486
f 415 2045 101
f 3100 2008 2991
f 3016 1980 552
f 3016 3015 1980
f 941 942 702
f 3215 3027 1791
f 1706 2795 788
f 1562 1128 3005
f 1550 804 803
f 1017 1804 1805
f 3432 1849 3153
f 3432 1805 1849
f 2090 2878 2089
f 2511 2510 252
f 1310 698 699
f 2782 1298 1299
f 988 1938 1058
f 212 1991 1990
f 1153 2160 3238
f 1867 2043 636
f 702 3345 2272
f 3298 2414 1198
f 282 2556 3435
f 2854 1288 2692
f 3197 380 379
f 540 1206 3419
f 540 1205 1206
f 2463 2437 423
f 458 3373 908
f 2801 3136 2956
f 2801 2266 3136
f 1193 2043 9
f 1193 636 2043
f 1010 2641 27
f 1093 1972 223
f 223 224 1093
f 224 1092 1093
f 224 2719 1092
f 3033 1860 3453
f 2869 1601 2368
f 235 81 2046
f 235 1945 81
f 1699 2234 2235
f 1507 3344 1291
f 1560 2566 1561
f 1560 109 2566
f 918 3324 1784
f 2390 109 2389
f 1917 810 1918
f 1979 1840 2266
f 2345 10 2773
f 3175 2267 1960
f 2103 2489 3025
f 1118 1573 385
f 3465 2664 3095
f 2721 1682 2495
f 2721 1801 1682
f 2684 455 3471
f 2341 3207 2340
f 2341 655 3207
f 3066 665 2253
f 423 1949 2983
f 423 1231 1949
f 3025 826 560
f 1197 560 2213
f 1197 2213 3035
f 240 2570 2911
f 1329 1328 2570
f 1104 3260 2375
f 3389 2420 824
f 1275 2401 959
f 3478 1816 1815
f 3079 2086 2497
f 2344 2345 2773
f 2296 89 3240
f 1196 393 2014
f 1887 2651 184
f 917 1550 918
f 1794 530 2369
f 647 1366 969
f 280 2246 34
f 280 2245 2246
f 3355 1484 2245
f 2556 2896 2557
f 2556 282 2896
f 3019 758 158
f 3447 2151 1193
f 2614 939 164
f 1602 111 1738
f 175 2139 2138
f 3301 1713 2391
f 2849 3018 1729
f 3356 1303 1304
f 2909 2825 1250
f 640 2544 2193
f 640 2545 2544
f 3307 2321 1927
f 462 828 1302
f 3038 1759 2870
f 779 2445 1603
f 3100 3101 855
f 1267 614 2443
f 1267 1266 614
f 1267 2443 2442
f 961 139 3243
f 2967 2362 3283
f 864 1089 2372
f 239 568 1580
f 816 2542 920
f 3110 2371 2486
f 2371 1220 2486
f 111 1602 1604
f 1938 3199 2593
f 2449 2998 856
f 2181 1607 531
f 484 1144 1145
f 2087 24 1721
f 2087 28 24
f 1246 1771 1936
f 165 1286 182
f 1585 2823 319
f 1023 3070 2532
f 748 541 749
f 5 1115 1841
f 3004 864 1489
f 1205 1146 2407
f 3316 1734 3039
f 3444 3443 3289
f 1286 1579 3311
f 1873 1173 2125
f 3272 2013 393
f 2258 3451 1903
f 2736 120 401
f 1982 3259 1591
f 885 574 75
f 1966 3127 946
f 3096 3153 1849
f 3096 3097 3153
f 2372 1686 2854
f 2106 925 924
f 1924 2592 1668
f 839 763 510
f 839 696 169
f 839 510 696
f 3057 550 497
f 3057 497 648
f 648 497 1644
f 3423 2114 2113
f 677 1187 1426
f 1998 3068 340
f 573 597 2296
f 3229 1804 2157
f 1085 2766 1086
f 696 510 3330
f 858 2523 1815
f 2613 389 2886
f 2613 388 389
f 449 826 825
f 1835 1833 827
f 103 1994 1574
f 2464 2338 2466
f 286 2662 967
f 328 2366 1543
f 3259 1222 1591
f 1096 3177 2964
f 328 1052 1051
f 1320 977 3151
f 458 372 3373
f 2510 3072 123
f 1686 1288 2854
f 2540 2738 2541
f 1475 3412 1474
f 841 1154 840
f 2524 1210 1213
f 1493 2113 3411
f 1418 2805 123
f 2439 2844 1600
f 2439 3231 2844
f 3301 2391 3302
f 1275 959 1279
f 886 885 75
f 940 942 941
f 3172 3053 3089
f 1859 2690 1858
f 2568 702 942
f 1035 2415 2414
f 3057 1287 3263
f 988 1518 3199
f 2307 726 589
f 3131 1369 1370
f 1994 104 488
f 1784 3358 2621
f 981 1990 1991
f 209 2117 1488
f 1488 2117 2297
f 1216 2478 378
f 1216 2787 2478
f 2130 87 2818
f 2949 3068 450
f 1386 2458 3108
f 2217 1183 210
f 3153 1021 3432
f 3276 3275 716
f 3078 2667 2765
f 2891 1509 610
f 2348 2053 2833
f 1117 2335 126
f 3294 2761 2525
f 2110 2854 1647
f 304 1907 93
f 573 3188 885
f 1993 3320 1994
f 1154 111 3174
f 3356 1304 1600
f 2818 3062 3172
f 2111 37 2821
f 155 632 633
f 2829 1574 2830
f 2916 1489 162
f 2934 660 1485
f 3069 3287 2077
f 1045 889 3085
f 514 2263 1208
f 2263 1059 1208
f 2066 664 2409
f 3480 950 3305
f 3480 2219 2410
f 3480 2238 2219
f 914 1843 1844
f 914 1845 1843
f 2505 1076 1559
f 2505 1789 1076
f 3357 876 2112
f 1372 2732 239
f 3224 3378 595
f 1973 2667 2496
f 1183 1184 2321
f 3224 269 3138
f 530 2370 2369
f 3148 382 1889
f 1889 382 758
f 952 2959 527
f 952 2552 2959
f 2318 1796 940
f 2535 1987 811
f 1386 3108 837
f 1255 2708 55
f 755 2396 1705
f 755 2581 2396
f 43 339 791
f 338 1421 2545
f 1854 274 202
f 1854 1503 274
f 3431 2586 1830
f 1163 2648 2751
f 2296 597 1806
f 1146 2408 2407
f 1146 2468 2408
f 2861 3368 2474
f 2861 2860 3368
f 2582 725 87
f 1 2769 1785
f 1 1279 2769
f 497 496 2027
f 496 684 2027
f 684 3176 2027
f 3176 2685 1479
f 3252 3292 412
f 2123 1394 2677
f 630 1243 2096
f 1243 630 629
f 2889 1913 835
f 916 1624 708
f 1737 3277 3471
f 2156 10 3058
f 3003 2540 162
f 3304 3303 1577
f 2035 680 205
f 680 964 1274
f 824 3216 2502
f 824 2420 3216
f 3072 2739 123
f 239 1086 568
f 239 3235 1086
f 1796 2318 3140
f 1822 1821 1567
f 960 1263 2927
f 263 121 1984
f 2053 2348 2040
f 1553 2007 253
f 1349 1969 2397
f 1729 1320 3151
f 559 3348 2213
f 886 75 291
f 3091 2496 1214
f 1969 734 2397
f 2193 2192 657
f 1622 2380 1862
f 1280 1 1785
f 412 2746 3252
f 3071 2298 2932
f 1479 2980 3176
f 2977 3432 1850
f 3459 120 2736
f 2158 2157 2156
f 1689 1842 3137
f 1689 2824 1842
f 1524 899 2756
f 2863 614 470
f 2266 1241 1979
f 2266 2462 1241
f 2829 103 1574
f 2387 2773 1020
f 875 38 37
f 2182 2525 2761
f 3341 2398 2861
f 1857 389 3365
f 891 590 415
f 2860 2861 2398
f 845 1719 1180
f 1831 2033 2035
f 2739 1418 123
f 2739 3269 1418
f 122 3062 3252
f 122 3053 3062
f 3277 433 3471
f 1888 33 2902
f 2942 843 844
f 1680 253 2007
f 1680 792 1853
f 1680 2007 792
f 3252 3062 3292
f 2724 2208 3185
f 632 155 1263
f 1211 2524 2525
f 3407 1924 3172
f 3407 1925 1924
f 3476 3171 3170
f 1286 165 3029
f 165 1349 3029
f 3470 2365 3241
f 2387 1850 3078
f 506 2130 964
f 506 87 2130
f 1923 215 1389
f 2498 3149 2497
f 1666 412 3292
f 2783 949 3028
f 2783 3305 949
f 2033 506 680
f 1438 1420 771
f 2746 2017 122
f 89 1806 1807
f 1919 1215 2904
f 1215 3091 1214
f 989 1930 3431
f 919 1252 2691
f 429 1848 2090
f 582 1214 925
f 582 925 1091
f 882 491 2712
f 882 881 491
f 2998 2582 2034
f 3431 2587 1831
f 1020 2977 2387
f 3432 2977 1020
f 375 376 2796
f 2835 1363 933
f 2033 2034 506
f 3010 1052 558
f 1807 1806 1218
f 2756 899 1888
f 2888 3215 892
f 2243 2784 2785
f 3481 1968 2397
f 898 1888 2902
f 2817 721 1458
f 2904 3173 1420
f 133 603 660
f 2877 352 1967
f 2306 2877 3437
f 1276 1638 1469
f 732 2918 138
f 3277 1737 2971
f 2053 2040 2528
f 2102 1218 597
f 3252 2746 122
f 2947 2612 3245
f 3003 1488 2297
f 582 2608 3173
f 35 71 1386
f 2994 1827 3113
f 3483 1146 1205
f 3483 1667 1146
f 622 777 983
f 727 2386 728
f 124 685 125
f 124 2367 685
f 114 2654 112
f 2990 2040 628
f 2867 1136 2869
f 561 2927 324
f 961 2143 2243
f 3013 1148 273
f 3065 3455 2953
f 1939 1938 3278
f 215 1923 214
f 2807 2210 2212
f 2110 2372 2854
f 1245 208 207
f 3269 645 63
f 1900 3152 2570
f 490 1087 2117
f 1924 1668 3172
f 2685 2367 1516
f 2685 2635 2367
f 1729 3018 978
f 1830 2784 283
f 2611 1813 522
f 2565 3191 2564
f 1489 209 1488
f 2730 1655 799
f 1814 704 1714
f 2610 1144 275
f 2552 2026 2959
f 2927 2184 2022
f 1201 2889 2282
f 277 248 3008
f 2930 3443 548
f 1966 2058 3127
f 1966 2055 2058
f 1019 2823 3317
f 2821 37 38
f 235 2772 2683
f 3160 1897 1895
f 2769 2770 1785
f 703 614 1266
f 2098 1448 2099
f 3481 793 1968
f 462 1906 3296
f 39 2980 124
f 275 419 420
f 3399 2390 3398
f 1020 2773 1628
f 2338 1388 2466
f 2241 2095 513
f 3085 2343 1045
f 2314 386 1726
f 14 3353 2214
f 590 772 415
f 3383 1554 2779
f 961 2243 139
f 2451 1044 2342
f 1387 35 1386
f 2191 799 1655
f 839 2052 2053
f 2608 1420 3173
f 2762 2186 5
f 3298 1200 2086
f 26 381 25
f 3080 3149 2498
f 2200 2201 296
f 2024 2005 2023
f 3473 2251 570
f 2914 3430 1649
f 468 3328 2041
f 468 2041 976
f 396 2072 2703
f 2063 2871 1759
f 3460 2650 1439
